index,Area_Name,Year,Group_Name,Sub_Group_Name,Persons_Acquitted,Persons_against_whom_cases_Compounded_or_Withdrawn,Persons_Arrested,Persons_Chargesheeted,Persons_Convicted,Persons_in_Custody_or_on_Bail_during_Investigation_at_Year_beginning,Persons_in_Custody_or_on_Bail_during_Investigation_at_Year_end,Persons_in_Custody_or_on_Bail_during_Trial_at_Year_End,Persons_Released_or_Freed_by_Police_or_Magistrate_before_Trial_for_want_of_evidence_or_any_other_reason,Persons_Trial_Completed,Persons_under_Trial_at_Year_beginning,Total_Persons_under_Trial
0,Andaman & Nicobar Islands,2001,Rape,01. Rape,6,0,3,3,0,6,6,45,0,6,48,51
1,Andhra Pradesh,2001,Rape,01. Rape,1168,13,1150,1021,246,450,545,2191,34,1414,2597,3618
2,Arunachal Pradesh,2001,Rape,01. Rape,1,0,51,31,2,25,30,347,15,3,319,350
3,Assam,2001,Rape,01. Rape,403,14,928,585,120,806,959,2331,190,523,2283,2868
4,Bihar,2001,Rape,01. Rape,756,0,1400,1302,217,719,576,5963,241,973,5634,6936
5,Chandigarh,2001,Rape,01. Rape,12,0,32,31,2,0,0,59,1,14,42,73
6,Chhattisgarh,2001,Rape,01. Rape,636,67,1134,1213,276,116,37,4918,0,912,4684,5897
7,Dadra & Nagar Haveli,2001,Rape,01. Rape,9,0,10,11,1,2,1,32,0,10,31,42
8,Daman & Diu,2001,Rape,01. Rape,3,0,0,1,0,1,0,1,0,3,3,4
9,Delhi,2001,Rape,01. Rape,166,0,454,394,157,114,159,2597,15,323,2526,2920
10,Goa,2001,Rape,01. Rape,12,0,14,15,22,9,7,55,1,34,74,89
11,Gujarat,2001,Rape,01. Rape,223,10,401,411,32,41,31,3211,0,255,3065,3476
12,Haryana,2001,Rape,01. Rape,443,1,539,519,126,17,35,1020,2,569,1071,1590
13,Himachal Pradesh,2001,Rape,01. Rape,110,0,152,146,36,49,51,675,4,146,675,821
14,Jammu & Kashmir,2001,Rape,01. Rape,132,5,222,225,8,3,0,909,0,140,829,1054
15,Jharkhand,2001,Rape,01. Rape,267,15,637,885,114,345,62,1255,35,381,766,1651
16,Karnataka,2001,Rape,01. Rape,280,9,361,372,48,129,94,1609,24,328,1574,1946
17,Kerala,2001,Rape,01. Rape,136,6,712,673,33,546,572,2919,13,169,2421,3094
18,Lakshadweep,2001,Rape,01. Rape,0,0,0,1,0,1,0,1,0,0,0,1
19,Madhya Pradesh,2001,Rape,01. Rape,2285,9,3212,3199,720,132,140,8829,5,3005,8644,11843
20,Maharashtra,2001,Rape,01. Rape,1085,17,1886,1915,155,323,265,14394,29,1240,13736,15651
21,Manipur,2001,Rape,01. Rape,1,0,17,4,0,22,15,64,20,1,61,65
22,Meghalaya,2001,Rape,01. Rape,13,0,29,26,0,63,57,270,9,13,257,283
23,Mizoram,2001,Rape,01. Rape,12,0,64,69,44,52,47,98,0,56,85,154
24,Nagaland,2001,Rape,01. Rape,0,3,28,13,6,19,34,55,0,6,51,64
25,Odisha,2001,Rape,01. Rape,417,0,887,885,96,45,44,3029,3,513,2657,3542
26,Puducherry,2001,Rape,01. Rape,0,0,13,12,0,3,4,20,0,0,8,20
27,Punjab,2001,Rape,01. Rape,240,4,459,418,133,138,163,538,16,373,497,915
28,Rajasthan,2001,Rape,01. Rape,1055,10,1147,1146,402,41,42,5012,0,1457,5333,6479
29,Sikkim,2001,Rape,01. Rape,5,0,6,5,2,1,2,3,0,7,5,10
30,Tamil Nadu,2001,Rape,01. Rape,267,10,565,534,130,313,320,1693,24,397,1566,2100
31,Tripura,2001,Rape,01. Rape,59,0,139,80,17,31,40,78,50,76,74,154
32,Uttar Pradesh,2001,Rape,01. Rape,939,25,2685,2525,1032,236,281,9460,115,1971,8931,11456
33,Uttarakhand,2001,Rape,01. Rape,46,2,82,79,36,8,9,336,2,82,341,420
34,West Bengal,2001,Rape,01. Rape,706,0,1027,830,54,762,815,5943,144,760,5873,6703
35,Andaman & Nicobar Islands,2002,Rape,01. Rape,2,0,6,12,1,6,0,54,0,3,45,57
36,Andhra Pradesh,2002,Rape,01. Rape,856,15,1340,1322,175,545,512,2467,51,1031,2191,3513
37,Arunachal Pradesh,2002,Rape,01. Rape,5,0,61,29,0,30,42,371,20,5,347,376
38,Assam,2002,Rape,01. Rape,342,20,1019,720,99,959,1078,2590,180,441,2331,3051
39,Bihar,2002,Rape,01. Rape,604,0,1304,1126,157,576,425,6328,329,761,5963,7089
40,Chandigarh,2002,Rape,01. Rape,6,0,28,20,1,0,4,72,4,7,59,79
41,Chhattisgarh,2002,Rape,01. Rape,1415,68,1214,1230,674,43,20,3997,7,2089,4924,6154
42,Dadra & Nagar Haveli,2002,Rape,01. Rape,17,0,3,3,2,1,1,16,0,19,32,35
43,Daman & Diu,2002,Rape,01. Rape,0,0,0,0,0,0,0,1,0,0,1,1
44,Delhi,2002,Rape,01. Rape,479,0,546,453,112,159,234,2459,18,591,2597,3050
45,Goa,2002,Rape,01. Rape,6,0,12,13,8,7,6,54,0,14,55,68
46,Gujarat,2002,Rape,01. Rape,268,25,378,371,30,31,38,3259,0,298,3211,3582
47,Haryana,2002,Rape,01. Rape,465,6,511,535,125,35,10,959,1,590,1020,1555
48,Himachal Pradesh,2002,Rape,01. Rape,145,1,204,176,25,51,63,680,16,170,675,851
49,Jammu & Kashmir,2002,Rape,01. Rape,190,2,203,202,11,0,0,908,1,201,909,1111
50,Jharkhand,2002,Rape,01. Rape,969,12,873,1052,180,601,390,2238,32,1149,2347,3399
51,Karnataka,2002,Rape,01. Rape,361,1,357,338,42,94,97,1543,16,403,1609,1947
52,Kerala,2002,Rape,01. Rape,227,7,600,567,29,572,601,3223,4,256,2919,3486
53,Lakshadweep,2002,Rape,01. Rape,0,0,2,0,1,0,2,0,0,1,1,1
54,Madhya Pradesh,2002,Rape,01. Rape,2742,18,3926,3978,979,140,88,9068,0,3721,8829,12807
55,Maharashtra,2002,Rape,01. Rape,1468,17,1871,1821,210,265,310,14520,5,1678,14394,16215
56,Manipur,2002,Rape,01. Rape,0,0,18,7,0,15,22,71,4,0,64,71
57,Meghalaya,2002,Rape,01. Rape,2,1,45,32,0,57,62,299,8,2,270,302
58,Mizoram,2002,Rape,01. Rape,4,0,83,98,41,40,25,129,0,45,76,174
59,Nagaland,2002,Rape,01. Rape,0,0,20,18,14,34,33,59,3,14,55,73
60,Odisha,2002,Rape,01. Rape,469,0,820,827,133,44,36,3254,1,602,3029,3856
61,Puducherry,2002,Rape,01. Rape,1,0,8,5,2,4,7,22,0,3,20,25
62,Punjab,2002,Rape,01. Rape,319,8,538,460,143,163,198,528,43,462,538,998
63,Rajasthan,2002,Rape,01. Rape,1191,13,937,964,409,42,13,4363,2,1600,5012,5976
64,Sikkim,2002,Rape,01. Rape,2,0,2,2,1,2,2,2,0,3,3,5
65,Tamil Nadu,2002,Rape,01. Rape,524,12,695,642,151,320,356,1648,17,675,1693,2335
66,Tripura,2002,Rape,01. Rape,88,1,141,97,26,40,47,60,37,114,78,175
67,Uttar Pradesh,2002,Rape,01. Rape,1202,24,2050,2093,1142,281,97,9185,141,2344,9460,11553
68,Uttarakhand,2002,Rape,01. Rape,42,0,142,116,58,9,24,352,11,100,336,452
69,West Bengal,2002,Rape,01. Rape,491,0,1279,1137,79,815,868,6510,89,570,5943,7080
70,Andaman & Nicobar Islands,2003,Rape,01. Rape,3,0,6,1,3,0,5,49,0,6,54,55
71,Andhra Pradesh,2003,Rape,01. Rape,881,6,1237,1198,156,512,534,2622,17,1037,2467,3665
72,Arunachal Pradesh,2003,Rape,01. Rape,0,0,35,26,0,42,35,397,16,0,371,397
73,Assam,2003,Rape,01. Rape,438,29,1188,882,117,1078,1130,2888,254,555,2590,3472
74,Bihar,2003,Rape,01. Rape,870,0,1120,913,197,425,452,6174,180,1067,6328,7241
75,Chandigarh,2003,Rape,01. Rape,17,0,32,32,10,4,2,77,2,27,72,104
76,Chhattisgarh,2003,Rape,01. Rape,662,16,1020,1006,313,27,40,4168,1,975,4153,5159
77,Dadra & Nagar Haveli,2003,Rape,01. Rape,2,0,1,0,3,1,1,15,1,5,20,20
78,Daman & Diu,2003,Rape,01. Rape,0,0,6,3,0,0,3,4,0,0,1,4
79,Delhi,2003,Rape,01. Rape,429,0,624,596,147,234,253,2479,9,576,2459,3055
80,Goa,2003,Rape,01. Rape,22,1,36,18,8,6,23,41,1,30,54,72
81,Gujarat,2003,Rape,01. Rape,282,4,356,362,31,38,32,3304,0,313,3259,3621
82,Haryana,2003,Rape,01. Rape,510,0,523,519,139,10,14,829,0,649,959,1478
83,Himachal Pradesh,2003,Rape,01. Rape,141,0,146,157,33,63,43,663,9,174,680,837
84,Jammu & Kashmir,2003,Rape,01. Rape,103,4,266,265,14,0,1,1052,0,117,908,1173
85,Jharkhand,2003,Rape,01. Rape,354,29,759,721,189,390,407,2387,21,543,2238,2959
86,Karnataka,2003,Rape,01. Rape,389,1,410,349,41,97,131,1461,27,430,1543,1892
87,Kerala,2003,Rape,01. Rape,264,2,517,520,71,601,583,3406,15,335,3223,3743
88,Lakshadweep,2003,Rape,01. Rape,0,0,2,2,0,2,2,2,0,0,0,2
89,Madhya Pradesh,2003,Rape,01. Rape,2767,65,3694,3665,780,78,107,10366,0,3547,10313,13978
90,Maharashtra,2003,Rape,01. Rape,1367,33,1856,1804,261,310,350,14663,12,1628,14520,16324
91,Manipur,2003,Rape,01. Rape,1,0,19,4,3,22,27,71,10,4,71,75
92,Meghalaya,2003,Rape,01. Rape,3,0,50,18,2,62,88,312,6,5,299,317
93,Mizoram,2003,Rape,01. Rape,9,0,70,54,112,25,41,60,0,121,127,181
94,Nagaland,2003,Rape,01. Rape,1,0,14,13,12,33,32,59,2,13,59,72
95,Odisha,2003,Rape,01. Rape,561,0,839,819,152,36,56,3360,0,713,3254,4073
96,Puducherry,2003,Rape,01. Rape,0,0,1,3,1,7,5,24,0,1,22,25
97,Punjab,2003,Rape,01. Rape,334,12,574,481,158,198,256,505,35,492,528,1009
98,Rajasthan,2003,Rape,01. Rape,965,17,928,931,378,13,10,3934,0,1343,4363,5294
99,Sikkim,2003,Rape,01. Rape,0,0,7,3,1,2,6,4,0,1,2,5
100,Tamil Nadu,2003,Rape,01. Rape,419,5,661,617,128,358,393,1692,9,547,1627,2244
101,Tripura,2003,Rape,01. Rape,43,0,135,100,25,47,56,92,26,68,60,160
102,Uttar Pradesh,2003,Rape,01. Rape,981,8,1211,1121,969,97,153,8348,34,1950,9185,10306
103,Uttarakhand,2003,Rape,01. Rape,63,0,154,123,71,24,29,341,26,134,352,475
104,West Bengal,2003,Rape,01. Rape,575,0,1497,1198,120,868,1107,7013,60,695,6510,7708
105,Andaman & Nicobar Islands,2004,Rape,01. Rape,4,0,11,11,0,5,5,56,0,4,49,60
106,Andhra Pradesh,2004,Rape,01. Rape,1036,19,1443,1293,211,534,651,2649,33,1247,2622,3915
107,Arunachal Pradesh,2004,Rape,01. Rape,2,0,56,42,6,35,28,431,21,8,397,439
108,Assam,2004,Rape,01. Rape,478,50,1233,893,138,1130,1245,3115,225,616,2888,3781
109,Bihar,2004,Rape,01. Rape,1037,0,1157,868,139,452,559,5866,182,1176,6174,7042
110,Chandigarh,2004,Rape,01. Rape,23,0,27,20,1,2,1,73,8,24,77,97
111,Chhattisgarh,2004,Rape,01. Rape,630,501,1144,1156,329,40,16,3864,12,959,4168,5324
112,Dadra & Nagar Haveli,2004,Rape,01. Rape,12,0,12,9,0,1,4,12,0,12,15,24
113,Daman & Diu,2004,Rape,01. Rape,0,0,2,5,0,3,0,9,0,0,4,9
114,Delhi,2004,Rape,01. Rape,510,0,737,684,105,253,297,2548,9,615,2479,3163
115,Goa,2004,Rape,01. Rape,10,1,48,41,7,23,23,64,7,17,41,82
116,Gujarat,2004,Rape,01. Rape,335,1,481,487,50,32,26,3405,0,385,3304,3791
117,Haryana,2004,Rape,01. Rape,355,0,573,569,157,14,18,886,0,512,829,1398
118,Himachal Pradesh,2004,Rape,01. Rape,136,0,187,174,28,43,53,673,3,164,663,837
119,Jammu & Kashmir,2004,Rape,01. Rape,143,4,271,269,14,1,3,1160,0,157,1052,1321
120,Jharkhand,2004,Rape,01. Rape,354,29,759,721,189,407,424,2536,21,543,2387,3108
121,Karnataka,2004,Rape,01. Rape,378,10,397,359,87,131,122,1345,47,465,1461,1820
122,Kerala,2004,Rape,01. Rape,344,18,562,537,85,583,530,3496,78,429,3406,3943
123,Lakshadweep,2004,Rape,01. Rape,0,0,0,2,2,2,0,2,0,2,2,4
124,Madhya Pradesh,2004,Rape,01. Rape,2763,44,4181,4235,889,107,48,10905,5,3652,10366,14601
125,Maharashtra,2004,Rape,01. Rape,1481,23,1914,1812,290,350,430,14681,22,1771,14663,16475
126,Manipur,2004,Rape,01. Rape,5,1,29,2,0,27,39,67,15,5,71,73
127,Meghalaya,2004,Rape,01. Rape,2,0,57,26,3,88,112,333,7,5,312,338
128,Mizoram,2004,Rape,01. Rape,1,1,15,10,2,41,44,66,2,3,60,70
129,Nagaland,2004,Rape,01. Rape,9,0,20,41,35,32,11,56,0,44,59,100
130,Odisha,2004,Rape,01. Rape,599,0,906,896,165,56,66,3492,0,764,3360,4256
131,Puducherry,2004,Rape,01. Rape,2,0,6,4,2,5,7,24,0,4,24,28
132,Punjab,2004,Rape,01. Rape,299,24,563,536,167,256,260,551,23,466,505,1041
133,Rajasthan,2004,Rape,01. Rape,806,22,995,997,335,10,7,3768,1,1141,3934,4931
134,Sikkim,2004,Rape,01. Rape,2,0,3,2,2,6,6,2,1,4,4,6
135,Tamil Nadu,2004,Rape,01. Rape,471,8,681,727,127,393,323,1813,24,598,1692,2419
136,Tripura,2004,Rape,01. Rape,56,0,190,130,24,56,57,142,59,80,92,222
137,Uttar Pradesh,2004,Rape,01. Rape,988,3,1942,1788,1130,153,196,8015,111,2118,8348,10136
138,Uttarakhand,2004,Rape,01. Rape,42,0,226,185,49,29,41,435,29,91,341,526
139,West Bengal,2004,Rape,01. Rape,805,0,1661,1566,179,1107,1147,7595,55,984,7013,8579
140,Andaman & Nicobar Islands,2005,Rape,01. Rape,7,0,8,8,2,5,5,55,0,9,56,64
141,Andhra Pradesh,2005,Rape,01. Rape,1030,14,1415,1348,197,651,644,2756,74,1227,2649,3997
142,Arunachal Pradesh,2005,Rape,01. Rape,4,0,38,32,19,28,23,440,11,23,431,463
143,Assam,2005,Rape,01. Rape,507,40,1406,995,167,1245,1380,3396,276,674,3115,4110
144,Bihar,2005,Rape,01. Rape,1017,2,1455,1113,207,559,739,5753,162,1224,5866,6979
145,Chandigarh,2005,Rape,01. Rape,20,0,43,26,7,1,13,72,5,27,73,99
146,Chhattisgarh,2005,Rape,01. Rape,591,147,1107,1086,493,16,34,3719,3,1084,3864,4950
147,Dadra & Nagar Haveli,2005,Rape,01. Rape,9,0,6,8,0,4,2,11,0,9,12,20
148,Daman & Diu,2005,Rape,01. Rape,4,0,1,0,0,0,1,5,0,4,9,9
149,Delhi,2005,Rape,01. Rape,1362,0,856,848,228,297,289,1806,16,1590,2548,3396
150,Goa,2005,Rape,01. Rape,19,1,34,33,7,23,22,70,2,26,64,97
151,Gujarat,2005,Rape,01. Rape,313,0,501,475,47,26,52,3520,0,360,3405,3880
152,Haryana,2005,Rape,01. Rape,405,0,627,617,147,18,28,951,0,552,886,1503
153,Himachal Pradesh,2005,Rape,01. Rape,202,2,176,190,30,53,28,629,11,232,673,863
154,Jammu & Kashmir,2005,Rape,01. Rape,220,0,248,237,5,3,5,1172,9,225,1160,1397
155,Jharkhand,2005,Rape,01. Rape,1380,51,732,262,155,424,589,1212,305,1535,2536,2798
156,Karnataka,2005,Rape,01. Rape,446,0,381,424,119,122,74,1204,5,565,1345,1769
157,Kerala,2005,Rape,01. Rape,361,4,506,520,55,530,514,3596,2,416,3496,4016
158,Lakshadweep,2005,Rape,01. Rape,0,0,0,0,0,0,0,2,0,0,2,2
159,Madhya Pradesh,2005,Rape,01. Rape,2710,253,3900,3895,888,48,52,10949,1,3598,10905,14800
160,Maharashtra,2005,Rape,01. Rape,1590,14,2227,2111,208,430,520,14980,26,1798,14681,16792
161,Manipur,2005,Rape,01. Rape,1,0,12,7,0,39,28,73,16,1,67,74
162,Meghalaya,2005,Rape,01. Rape,1,0,65,34,2,112,131,364,12,3,333,367
163,Mizoram,2005,Rape,01. Rape,2,0,36,28,72,44,52,20,0,74,66,94
164,Nagaland,2005,Rape,01. Rape,5,0,19,21,27,11,6,45,3,32,56,77
165,Odisha,2005,Rape,01. Rape,519,0,838,822,156,66,81,3639,1,675,3492,4314
166,Puducherry,2005,Rape,01. Rape,1,0,10,8,3,7,9,28,0,4,24,32
167,Punjab,2005,Rape,01. Rape,272,9,553,503,120,260,237,653,73,392,551,1054
168,Rajasthan,2005,Rape,01. Rape,870,30,1110,1109,320,7,8,3657,0,1190,3768,4877
169,Sikkim,2005,Rape,01. Rape,0,0,8,13,3,6,1,12,0,3,2,15
170,Tamil Nadu,2005,Rape,01. Rape,608,3,744,732,212,323,314,1722,21,820,1813,2545
171,Tripura,2005,Rape,01. Rape,97,5,157,132,54,57,69,118,13,151,142,274
172,Uttar Pradesh,2005,Rape,01. Rape,948,21,1683,1666,980,196,159,7732,54,1928,8015,9681
173,Uttarakhand,2005,Rape,01. Rape,65,0,225,215,46,41,35,539,16,111,435,650
174,West Bengal,2005,Rape,01. Rape,703,0,2085,1997,100,1147,1137,8789,98,803,7595,9592
175,Andaman & Nicobar Islands,2006,Rape,01. Rape,2,0,7,10,1,5,2,62,0,3,55,65
176,Andhra Pradesh,2006,Rape,01. Rape,936,21,1360,1252,226,644,685,2825,67,1162,2756,4008
177,Arunachal Pradesh,2006,Rape,01. Rape,1,1,40,29,3,23,27,464,7,4,440,469
178,Assam,2006,Rape,01. Rape,517,23,1290,941,203,1380,1315,3594,414,720,3396,4337
179,Bihar,2006,Rape,01. Rape,1117,0,1451,1111,232,739,998,5515,81,1349,5753,6864
180,Chandigarh,2006,Rape,01. Rape,10,0,27,31,11,13,7,82,2,21,72,103
181,Chhattisgarh,2006,Rape,01. Rape,637,32,1211,1208,276,34,37,3982,0,913,3719,4927
182,Dadra & Nagar Haveli,2006,Rape,01. Rape,6,0,5,3,2,2,4,6,0,8,11,14
183,Daman & Diu,2006,Rape,01. Rape,2,0,2,3,3,1,0,3,0,5,5,8
184,Delhi,2006,Rape,01. Rape,403,0,778,647,209,289,397,1841,23,612,1806,2453
185,Goa,2006,Rape,01. Rape,8,0,20,20,0,22,15,82,7,8,70,90
186,Gujarat,2006,Rape,01. Rape,225,6,539,551,69,52,40,3771,0,294,3520,4071
187,Haryana,2006,Rape,01. Rape,363,0,772,749,153,28,51,1184,0,516,951,1700
188,Himachal Pradesh,2006,Rape,01. Rape,105,1,131,121,39,28,33,605,5,144,629,750
189,Jammu & Kashmir,2006,Rape,01. Rape,162,5,301,301,15,5,1,1291,4,177,1172,1473
190,Jharkhand,2006,Rape,01. Rape,741,51,943,1119,207,589,390,1332,23,948,1212,2331
191,Karnataka,2006,Rape,01. Rape,452,3,475,435,55,74,104,1129,10,507,1204,1639
192,Kerala,2006,Rape,01. Rape,395,1,666,594,80,514,585,3714,1,475,3596,4190
193,Lakshadweep,2006,Rape,01. Rape,0,0,0,0,0,0,0,2,0,0,2,2
194,Madhya Pradesh,2006,Rape,01. Rape,2917,27,3878,3858,1139,52,69,10724,3,4056,10949,14807
195,Maharashtra,2006,Rape,01. Rape,1358,14,2162,2049,222,520,619,15435,14,1580,14980,17029
196,Manipur,2006,Rape,01. Rape,1,0,20,2,0,28,39,74,7,1,73,75
197,Meghalaya,2006,Rape,01. Rape,11,1,71,41,2,131,147,391,14,13,364,405
198,Mizoram,2006,Rape,01. Rape,6,0,77,73,74,52,56,13,0,80,20,93
199,Nagaland,2006,Rape,01. Rape,2,1,29,24,10,6,11,56,0,12,45,69
200,Odisha,2006,Rape,01. Rape,489,0,1020,995,186,81,103,3959,3,675,3639,4634
201,Puducherry,2006,Rape,01. Rape,1,0,9,7,4,9,11,30,0,5,28,35
202,Punjab,2006,Rape,01. Rape,300,0,618,578,129,237,251,802,26,429,653,1231
203,Rajasthan,2006,Rape,01. Rape,761,11,1085,1083,377,8,10,3591,0,1138,3657,4740
204,Sikkim,2006,Rape,01. Rape,1,0,17,14,1,1,4,24,0,2,12,26
205,Tamil Nadu,2006,Rape,01. Rape,426,1,573,546,146,314,337,1695,4,572,1722,2268
206,Tripura,2006,Rape,01. Rape,67,0,167,145,20,69,40,176,51,87,118,263
207,Uttar Pradesh,2006,Rape,01. Rape,940,14,1770,1701,999,159,163,7480,65,1939,7732,9433
208,Uttarakhand,2006,Rape,01. Rape,129,1,233,215,57,35,25,567,28,186,539,754
209,West Bengal,2006,Rape,01. Rape,861,0,2045,1774,160,1137,1223,9542,185,1021,8789,10563
210,Andaman & Nicobar Islands,2007,Rape,01. Rape,4,0,3,3,1,2,2,60,0,5,62,65
211,Andhra Pradesh,2007,Rape,01. Rape,1086,5,1436,1467,199,685,637,3002,17,1285,2825,4292
212,Arunachal Pradesh,2007,Rape,01. Rape,3,0,57,37,7,27,24,491,23,10,464,501
213,Assam,2007,Rape,01. Rape,610,22,1477,965,180,1315,1495,3747,332,790,3594,4559
214,Bihar,2007,Rape,01. Rape,982,1,1816,1446,212,998,1148,5766,220,1194,5515,6961
215,Chandigarh,2007,Rape,01. Rape,12,0,24,25,14,7,6,81,0,26,82,107
216,Chhattisgarh,2007,Rape,01. Rape,612,51,1146,1126,238,37,54,4207,3,850,3982,5108
217,Dadra & Nagar Haveli,2007,Rape,01. Rape,2,0,5,6,0,4,3,10,0,2,6,12
218,Daman & Diu,2007,Rape,01. Rape,1,0,4,4,0,0,0,6,0,1,3,7
219,Delhi,2007,Rape,01. Rape,411,0,731,657,227,397,453,1860,18,638,1841,2498
220,Goa,2007,Rape,01. Rape,7,0,25,16,1,15,24,90,0,8,82,98
221,Gujarat,2007,Rape,01. Rape,251,5,503,479,59,40,60,3935,4,310,3771,4250
222,Haryana,2007,Rape,01. Rape,415,0,607,616,180,51,42,1205,0,595,1184,1800
223,Himachal Pradesh,2007,Rape,01. Rape,102,4,197,156,19,33,67,636,7,121,605,761
224,Jammu & Kashmir,2007,Rape,01. Rape,184,0,331,318,7,1,4,1418,10,191,1291,1609
225,Jharkhand,2007,Rape,01. Rape,700,8,886,832,206,390,407,1250,37,906,1332,2164
226,Karnataka,2007,Rape,01. Rape,276,0,518,514,59,104,98,1308,10,335,1129,1643
227,Kerala,2007,Rape,01. Rape,596,5,555,655,88,585,485,3680,0,684,3714,4369
228,Lakshadweep,2007,Rape,01. Rape,0,0,1,1,0,0,0,3,0,0,2,3
229,Madhya Pradesh,2007,Rape,01. Rape,2595,5,4131,4132,1133,69,68,11123,0,3728,10724,14856
230,Maharashtra,2007,Rape,01. Rape,1112,13,2097,2026,178,619,677,16158,13,1290,15435,17461
231,Manipur,2007,Rape,01. Rape,4,1,12,2,0,39,35,71,14,4,74,76
232,Meghalaya,2007,Rape,01. Rape,10,0,76,34,17,147,166,398,23,27,391,425
233,Mizoram,2007,Rape,01. Rape,4,0,87,95,32,56,48,72,0,36,13,108
234,Nagaland,2007,Rape,01. Rape,2,3,15,15,31,11,11,35,0,33,56,71
235,Odisha,2007,Rape,01. Rape,528,0,1026,1000,181,103,123,4250,6,709,3959,4959
236,Puducherry,2007,Rape,01. Rape,3,0,14,12,8,11,13,31,0,11,30,42
237,Punjab,2007,Rape,01. Rape,351,2,709,518,121,251,385,846,57,472,802,1320
238,Rajasthan,2007,Rape,01. Rape,593,15,1201,1205,300,10,6,3888,0,893,3591,4796
239,Sikkim,2007,Rape,01. Rape,3,0,30,21,0,4,7,42,6,3,24,45
240,Tamil Nadu,2007,Rape,01. Rape,467,14,615,591,131,337,351,1674,10,598,1695,2286
241,Tripura,2007,Rape,01. Rape,130,1,165,161,56,40,36,150,8,186,176,337
242,Uttar Pradesh,2007,Rape,01. Rape,923,9,2283,1980,962,163,146,7566,320,1885,7480,9460
243,Uttarakhand,2007,Rape,01. Rape,100,0,171,156,75,25,13,548,27,175,567,723
244,West Bengal,2007,Rape,01. Rape,1104,20,2409,2433,100,1223,1057,10751,142,1204,9542,11975
245,Andaman & Nicobar Islands,2008,Rape,01. Rape,6,0,13,2,0,2,13,56,0,6,60,62
246,Andhra Pradesh,2008,Rape,01. Rape,1317,3,1531,1526,244,637,610,2964,32,1561,3002,4528
247,Arunachal Pradesh,2008,Rape,01. Rape,1,0,37,28,2,24,13,516,20,3,491,519
248,Assam,2008,Rape,01. Rape,635,42,1445,967,201,1495,1559,3836,414,836,3747,4714
249,Bihar,2008,Rape,01. Rape,918,4,1464,1323,221,1148,1200,5946,89,1139,5766,7089
250,Chandigarh,2008,Rape,01. Rape,12,0,27,26,7,6,7,88,0,19,81,107
251,Chhattisgarh,2008,Rape,01. Rape,619,39,1108,1059,207,54,103,4401,0,826,4207,5266
252,Dadra & Nagar Haveli,2008,Rape,01. Rape,6,0,8,8,0,3,3,12,0,6,10,18
253,Daman & Diu,2008,Rape,01. Rape,2,0,0,0,0,0,0,4,0,2,6,6
254,Delhi,2008,Rape,01. Rape,324,0,573,702,155,453,307,2083,17,479,1860,2562
255,Goa,2008,Rape,01. Rape,20,0,41,20,6,24,45,84,0,26,90,110
256,Gujarat,2008,Rape,01. Rape,248,3,529,535,75,60,53,4144,1,323,3935,4470
257,Haryana,2008,Rape,01. Rape,529,0,849,801,175,42,90,1302,0,704,1205,2006
258,Himachal Pradesh,2008,Rape,01. Rape,129,2,182,176,48,67,72,633,1,177,636,812
259,Jammu & Kashmir,2008,Rape,01. Rape,194,5,234,236,17,4,2,1438,0,211,1418,1654
260,Jharkhand,2008,Rape,01. Rape,451,44,802,761,152,407,427,1364,21,603,1250,2011
261,Karnataka,2008,Rape,01. Rape,353,11,642,581,53,98,142,1472,17,406,1308,1889
262,Kerala,2008,Rape,01. Rape,325,1,623,557,45,485,544,3866,7,370,3680,4237
263,Lakshadweep,2008,Rape,01. Rape,0,0,1,1,1,0,0,3,0,1,3,4
264,Madhya Pradesh,2008,Rape,01. Rape,2888,13,3875,3847,1357,68,96,10712,0,4245,11123,14970
265,Maharashtra,2008,Rape,01. Rape,1221,13,2206,2056,219,677,796,16761,31,1440,16158,18214
266,Manipur,2008,Rape,01. Rape,0,0,19,6,0,35,34,77,14,0,71,77
267,Meghalaya,2008,Rape,01. Rape,20,1,82,57,11,166,185,423,6,31,398,455
268,Mizoram,2008,Rape,01. Rape,10,0,94,81,92,48,61,51,0,102,72,153
269,Nagaland,2008,Rape,01. Rape,3,2,27,20,15,11,9,35,9,18,35,55
270,Odisha,2008,Rape,01. Rape,667,0,1045,1065,212,123,103,4436,0,879,4250,5315
271,Puducherry,2008,Rape,01. Rape,2,0,8,9,0,13,12,38,0,2,31,40
272,Punjab,2008,Rape,01. Rape,410,4,663,589,224,385,402,797,57,634,846,1435
273,Rajasthan,2008,Rape,01. Rape,623,16,1211,1205,273,6,12,4181,0,896,3888,5093
274,Sikkim,2008,Rape,01. Rape,2,0,24,20,5,7,10,55,1,7,42,62
275,Tamil Nadu,2008,Rape,01. Rape,472,1,740,583,113,351,495,1671,13,585,1674,2257
276,Tripura,2008,Rape,01. Rape,84,0,210,173,21,36,24,218,49,105,150,323
277,Uttar Pradesh,2008,Rape,01. Rape,1181,4,2825,2199,1157,146,192,7423,580,2338,7566,9765
278,Uttarakhand,2008,Rape,01. Rape,105,0,108,106,81,13,14,468,1,186,548,654
279,West Bengal,2008,Rape,01. Rape,1351,29,1790,1664,148,1057,1099,10887,84,1499,10751,12415
280,Andaman & Nicobar Islands,2009,Rape,01. Rape,2,0,36,27,1,13,22,80,0,3,56,83
281,Andhra Pradesh,2009,Rape,01. Rape,1278,2,1487,1302,182,610,775,2804,20,1460,2964,4266
282,Arunachal Pradesh,2009,Rape,01. Rape,2,0,60,51,3,13,16,562,6,5,516,567
283,Assam,2009,Rape,01. Rape,408,32,1644,1040,235,1559,1701,4201,462,643,3836,4876
284,Bihar,2009,Rape,01. Rape,1031,0,1086,1043,237,1200,1144,5721,99,1268,5946,6989
285,Chandigarh,2009,Rape,01. Rape,19,0,38,25,26,7,19,68,1,45,88,113
286,Chhattisgarh,2009,Rape,01. Rape,577,45,1128,1117,243,103,109,4653,5,820,4401,5518
287,Dadra & Nagar Haveli,2009,Rape,01. Rape,1,0,5,5,1,3,3,15,0,2,12,17
288,Daman & Diu,2009,Rape,01. Rape,0,0,1,1,0,0,0,5,0,0,4,5
289,Delhi,2009,Rape,01. Rape,249,0,557,615,195,307,242,2254,7,444,2083,2698
290,Goa,2009,Rape,01. Rape,20,0,56,41,7,45,56,98,4,27,84,125
291,Gujarat,2009,Rape,01. Rape,244,2,610,597,44,53,66,4451,0,288,4144,4741
292,Haryana,2009,Rape,01. Rape,492,0,848,832,230,90,106,1412,0,722,1302,2134
293,Himachal Pradesh,2009,Rape,01. Rape,125,0,250,260,40,72,57,728,5,165,633,893
294,Jammu & Kashmir,2009,Rape,01. Rape,266,12,303,301,12,2,4,1449,0,278,1438,1739
295,Jharkhand,2009,Rape,01. Rape,508,12,765,764,341,427,418,1267,10,849,1364,2128
296,Karnataka,2009,Rape,01. Rape,468,1,595,567,48,142,148,1522,22,516,1472,2039
297,Kerala,2009,Rape,01. Rape,329,1,694,751,57,544,487,4230,0,386,3866,4617
298,Lakshadweep,2009,Rape,01. Rape,0,0,0,0,0,0,0,3,0,0,3,3
299,Madhya Pradesh,2009,Rape,01. Rape,2536,15,4243,4221,854,96,118,11528,0,3390,10712,14933
300,Maharashtra,2009,Rape,01. Rape,1136,10,2075,2076,225,796,782,17466,13,1361,16761,18837
301,Manipur,2009,Rape,01. Rape,0,0,22,7,0,34,40,84,9,0,77,84
302,Meghalaya,2009,Rape,01. Rape,18,0,110,96,7,185,189,494,10,25,423,519
303,Mizoram,2009,Rape,01. Rape,21,0,81,117,53,61,25,94,0,74,51,168
304,Nagaland,2009,Rape,01. Rape,1,0,27,29,16,9,5,47,2,17,35,64
305,Odisha,2009,Rape,01. Rape,641,0,1119,1100,183,103,122,4712,0,824,4436,5536
306,Puducherry,2009,Rape,01. Rape,2,0,1,8,4,12,4,40,1,6,38,46
307,Punjab,2009,Rape,01. Rape,429,0,681,631,234,402,411,765,41,663,797,1428
308,Rajasthan,2009,Rape,01. Rape,545,23,1388,1387,296,12,13,4704,0,841,4181,5568
309,Sikkim,2009,Rape,01. Rape,12,1,19,19,5,10,10,56,0,17,55,74
310,Tamil Nadu,2009,Rape,01. Rape,439,0,776,776,111,495,482,1897,13,550,1671,2447
311,Tripura,2009,Rape,01. Rape,144,4,336,169,24,24,97,215,94,168,218,387
312,Uttar Pradesh,2009,Rape,01. Rape,1381,0,2918,2168,1187,192,168,7023,774,2568,7423,9591
313,Uttarakhand,2009,Rape,01. Rape,116,0,138,146,83,14,4,415,2,199,468,614
314,West Bengal,2009,Rape,01. Rape,1088,38,1748,1707,132,1099,1095,11336,45,1220,10887,12594
315,Andaman & Nicobar Islands,2010,Rape,01. Rape,0,0,39,28,0,22,33,108,0,0,80,108
316,Andhra Pradesh,2010,Rape,01. Rape,1134,19,1761,1674,173,775,808,3152,54,1307,2804,4478
317,Arunachal Pradesh,2010,Rape,01. Rape,2,2,49,40,4,16,20,594,5,6,562,602
318,Assam,2010,Rape,01. Rape,532,78,1629,1153,117,1701,1716,4627,461,649,4201,5354
319,Bihar,2010,Rape,01. Rape,1188,0,892,816,280,1144,1126,5069,94,1468,5721,6537
320,Chandigarh,2010,Rape,01. Rape,24,0,44,38,16,19,16,66,9,40,68,106
321,Chhattisgarh,2010,Rape,01. Rape,762,2,1198,1203,270,109,92,4822,12,1032,4653,5856
322,Dadra & Nagar Haveli,2010,Rape,01. Rape,2,0,3,4,2,3,2,15,0,4,15,19
323,Daman & Diu,2010,Rape,01. Rape,0,0,1,1,0,0,0,6,0,0,5,6
324,Delhi,2010,Rape,01. Rape,331,0,602,532,201,242,301,2254,11,532,2254,2786
325,Goa,2010,Rape,01. Rape,25,0,50,62,7,56,42,128,2,32,98,160
326,Gujarat,2010,Rape,01. Rape,255,2,617,620,40,66,63,4774,0,295,4451,5071
327,Haryana,2010,Rape,01. Rape,557,0,866,853,161,106,118,1547,1,718,1412,2265
328,Himachal Pradesh,2010,Rape,01. Rape,146,1,197,204,38,57,49,747,1,184,728,932
329,Jammu & Kashmir,2010,Rape,01. Rape,205,2,266,259,5,4,11,1496,0,210,1449,1708
330,Jharkhand,2010,Rape,01. Rape,482,13,836,911,194,418,343,1489,0,676,1267,2178
331,Karnataka,2010,Rape,01. Rape,497,24,771,703,82,148,166,1622,50,579,1522,2225
332,Kerala,2010,Rape,01. Rape,281,0,659,779,52,487,367,4676,0,333,4230,5009
333,Lakshadweep,2010,Rape,01. Rape,0,0,0,0,0,0,0,3,0,0,3,3
334,Madhya Pradesh,2010,Rape,01. Rape,2710,31,4387,4407,1230,118,77,11964,21,3940,11528,15935
335,Maharashtra,2010,Rape,01. Rape,1243,12,2180,2145,202,782,801,18154,16,1445,17466,19611
336,Manipur,2010,Rape,01. Rape,6,0,22,5,1,40,47,82,10,7,84,89
337,Meghalaya,2010,Rape,01. Rape,10,2,135,73,4,189,233,551,18,14,494,567
338,Mizoram,2010,Rape,01. Rape,3,0,112,125,123,25,12,93,0,126,94,219
339,Nagaland,2010,Rape,01. Rape,5,0,17,19,12,5,3,49,0,17,47,66
340,Odisha,2010,Rape,01. Rape,855,0,1363,1369,188,122,116,5038,0,1043,4712,6081
341,Puducherry,2010,Rape,01. Rape,0,0,5,2,1,4,7,41,0,1,40,42
342,Punjab,2010,Rape,01. Rape,469,0,766,654,244,366,417,697,61,713,756,1410
343,Rajasthan,2010,Rape,01. Rape,663,22,1343,1355,298,13,0,5076,1,961,4704,6059
344,Sikkim,2010,Rape,01. Rape,2,0,21,30,1,10,1,83,0,3,56,86
345,Tamil Nadu,2010,Rape,01. Rape,512,1,777,682,136,482,558,1930,19,648,1897,2579
346,Tripura,2010,Rape,01. Rape,180,1,320,226,32,97,148,228,43,212,215,441
347,Uttar Pradesh,2010,Rape,01. Rape,1218,0,2580,1842,1304,168,203,6343,703,2522,7023,8865
348,Uttarakhand,2010,Rape,01. Rape,118,0,171,159,86,4,16,370,0,204,415,574
349,West Bengal,2010,Rape,01. Rape,987,27,2395,2242,128,1095,1142,12436,106,1115,11336,13578
350,Andaman & Nicobar Islands,2001,Kidnapping & Abduction - Women & Girls,02. Kidnapping & Abduction of Women & Girls,2,0,4,5,0,9,8,25,0,2,22,27
351,Andhra Pradesh,2001,Kidnapping & Abduction - Women & Girls,02. Kidnapping & Abduction of Women & Girls,717,71,965,771,82,346,459,1286,81,799,1385,2156
352,Arunachal Pradesh,2001,Kidnapping & Abduction - Women & Girls,02. Kidnapping & Abduction of Women & Girls,5,0,60,56,5,21,17,320,8,10,274,330
353,Assam,2001,Kidnapping & Abduction - Women & Girls,02. Kidnapping & Abduction of Women & Girls,501,58,1583,801,109,1735,1928,2348,589,610,2215,3016
354,Bihar,2001,Kidnapping & Abduction - Women & Girls,02. Kidnapping & Abduction of Women & Girls,614,2,988,933,191,668,572,8547,151,805,8421,9354
355,Chandigarh,2001,Kidnapping & Abduction - Women & Girls,02. Kidnapping & Abduction of Women & Girls,18,0,43,30,1,2,6,137,9,19,126,156
356,Chhattisgarh,2001,Kidnapping & Abduction - Women & Girls,02. Kidnapping & Abduction of Women & Girls,98,13,223,207,44,9,25,1227,0,142,1175,1382
357,Dadra & Nagar Haveli,2001,Kidnapping & Abduction - Women & Girls,02. Kidnapping & Abduction of Women & Girls,0,0,3,2,0,1,2,11,0,0,9,11
358,Daman & Diu,2001,Kidnapping & Abduction - Women & Girls,02. Kidnapping & Abduction of Women & Girls,5,0,2,0,0,0,0,9,2,5,14,14
359,Delhi,2001,Kidnapping & Abduction - Women & Girls,02. Kidnapping & Abduction of Women & Girls,153,0,298,328,263,113,55,221,28,416,309,637
360,Goa,2001,Kidnapping & Abduction - Women & Girls,02. Kidnapping & Abduction of Women & Girls,30,0,8,6,8,7,6,31,3,38,63,69
361,Gujarat,2001,Kidnapping & Abduction - Women & Girls,02. Kidnapping & Abduction of Women & Girls,466,21,1063,1145,30,249,157,7739,10,496,7111,8256
362,Haryana,2001,Kidnapping & Abduction - Women & Girls,02. Kidnapping & Abduction of Women & Girls,223,0,298,283,68,22,37,1116,0,291,1124,1407
363,Himachal Pradesh,2001,Kidnapping & Abduction - Women & Girls,02. Kidnapping & Abduction of Women & Girls,43,0,74,55,4,17,18,339,18,47,331,386
364,Jammu & Kashmir,2001,Kidnapping & Abduction - Women & Girls,02. Kidnapping & Abduction of Women & Girls,554,61,633,618,1,31,1,4025,45,555,4023,4641
365,Jharkhand,2001,Kidnapping & Abduction - Women & Girls,02. Kidnapping & Abduction of Women & Girls,140,18,318,307,111,168,150,1398,29,251,1360,1667
366,Karnataka,2001,Kidnapping & Abduction - Women & Girls,02. Kidnapping & Abduction of Women & Girls,371,5,306,271,8,89,92,1138,32,379,1251,1522
367,Kerala,2001,Kidnapping & Abduction - Women & Girls,02. Kidnapping & Abduction of Women & Girls,90,2,114,116,7,91,62,723,27,97,706,822
368,Lakshadweep,2001,Kidnapping & Abduction - Women & Girls,02. Kidnapping & Abduction of Women & Girls,0,0,0,0,0,0,0,0,0,0,0,0
369,Madhya Pradesh,2001,Kidnapping & Abduction - Women & Girls,02. Kidnapping & Abduction of Women & Girls,812,49,917,882,221,58,81,5346,12,1033,5546,6428
370,Maharashtra,2001,Kidnapping & Abduction - Women & Girls,02. Kidnapping & Abduction of Women & Girls,709,53,1022,1034,43,303,234,8811,57,752,8582,9616
371,Manipur,2001,Kidnapping & Abduction - Women & Girls,02. Kidnapping & Abduction of Women & Girls,2,0,58,1,0,39,17,74,79,2,75,76
372,Meghalaya,2001,Kidnapping & Abduction - Women & Girls,02. Kidnapping & Abduction of Women & Girls,3,0,9,8,0,32,29,97,4,3,92,100
373,Mizoram,2001,Kidnapping & Abduction - Women & Girls,02. Kidnapping & Abduction of Women & Girls,1,0,5,7,6,6,4,4,0,7,4,11
374,Nagaland,2001,Kidnapping & Abduction - Women & Girls,02. Kidnapping & Abduction of Women & Girls,0,0,9,1,0,9,15,43,2,0,42,43
375,Odisha,2001,Kidnapping & Abduction - Women & Girls,02. Kidnapping & Abduction of Women & Girls,444,0,555,513,56,26,59,2092,9,500,2079,2592
376,Puducherry,2001,Kidnapping & Abduction - Women & Girls,02. Kidnapping & Abduction of Women & Girls,0,0,1,1,1,1,1,17,0,1,17,18
377,Punjab,2001,Kidnapping & Abduction - Women & Girls,02. Kidnapping & Abduction of Women & Girls,115,11,369,233,32,273,362,644,47,147,569,802
378,Rajasthan,2001,Kidnapping & Abduction - Women & Girls,02. Kidnapping & Abduction of Women & Girls,1314,93,1261,1271,450,20,7,10645,3,1764,11231,12502
379,Sikkim,2001,Kidnapping & Abduction - Women & Girls,02. Kidnapping & Abduction of Women & Girls,0,0,0,0,0,0,0,0,0,0,0,0
380,Tamil Nadu,2001,Kidnapping & Abduction - Women & Girls,02. Kidnapping & Abduction of Women & Girls,535,35,808,583,123,717,633,2170,309,658,2280,2863
381,Tripura,2001,Kidnapping & Abduction - Women & Girls,02. Kidnapping & Abduction of Women & Girls,16,0,43,21,4,27,32,179,17,20,178,199
382,Uttar Pradesh,2001,Kidnapping & Abduction - Women & Girls,02. Kidnapping & Abduction of Women & Girls,1423,83,4295,3746,1596,677,814,14452,412,3019,13808,17554
383,Uttarakhand,2001,Kidnapping & Abduction - Women & Girls,02. Kidnapping & Abduction of Women & Girls,69,8,153,153,42,31,15,732,16,111,698,851
384,West Bengal,2001,Kidnapping & Abduction - Women & Girls,02. Kidnapping & Abduction of Women & Girls,501,13,1331,1091,29,1311,1214,5959,337,530,5411,6502
385,Andaman & Nicobar Islands,2002,Kidnapping & Abduction - Women & Girls,02. Kidnapping & Abduction of Women & Girls,6,0,1,9,0,8,0,28,0,6,25,34
386,Andhra Pradesh,2002,Kidnapping & Abduction - Women & Girls,02. Kidnapping & Abduction of Women & Girls,642,33,962,934,84,459,430,1461,57,726,1286,2220
387,Arunachal Pradesh,2002,Kidnapping & Abduction - Women & Girls,02. Kidnapping & Abduction of Women & Girls,0,0,57,33,0,17,26,353,15,0,320,353
388,Assam,2002,Kidnapping & Abduction - Women & Girls,02. Kidnapping & Abduction of Women & Girls,416,75,1967,914,86,1928,2433,2685,548,502,2348,3262
389,Bihar,2002,Kidnapping & Abduction - Women & Girls,02. Kidnapping & Abduction of Women & Girls,671,0,1154,1092,172,581,381,8796,262,843,8547,9639
390,Chandigarh,2002,Kidnapping & Abduction - Women & Girls,02. Kidnapping & Abduction of Women & Girls,23,0,37,29,4,6,4,139,10,27,137,166
391,Chhattisgarh,2002,Kidnapping & Abduction - Women & Girls,02. Kidnapping & Abduction of Women & Girls,201,3,178,193,67,25,10,1139,0,268,1217,1410
392,Dadra & Nagar Haveli,2002,Kidnapping & Abduction - Women & Girls,02. Kidnapping & Abduction of Women & Girls,1,0,6,10,0,5,1,20,0,1,11,21
393,Daman & Diu,2002,Kidnapping & Abduction - Women & Girls,02. Kidnapping & Abduction of Women & Girls,9,0,0,0,0,0,0,0,0,9,9,9
394,Delhi,2002,Kidnapping & Abduction - Women & Girls,02. Kidnapping & Abduction of Women & Girls,63,0,325,312,28,55,46,442,22,91,221,533
395,Goa,2002,Kidnapping & Abduction - Women & Girls,02. Kidnapping & Abduction of Women & Girls,5,0,9,5,0,6,9,31,1,5,31,36
396,Gujarat,2002,Kidnapping & Abduction - Women & Girls,02. Kidnapping & Abduction of Women & Girls,420,16,1007,1027,28,157,130,8302,7,448,7739,8766
397,Haryana,2002,Kidnapping & Abduction - Women & Girls,02. Kidnapping & Abduction of Women & Girls,357,3,328,333,68,37,29,1021,3,425,1116,1449
398,Himachal Pradesh,2002,Kidnapping & Abduction - Women & Girls,02. Kidnapping & Abduction of Women & Girls,56,0,96,74,11,18,30,346,10,67,339,413
399,Jammu & Kashmir,2002,Kidnapping & Abduction - Women & Girls,02. Kidnapping & Abduction of Women & Girls,400,12,563,545,10,1,11,4148,8,410,4025,4570
400,Jharkhand,2002,Kidnapping & Abduction - Women & Girls,02. Kidnapping & Abduction of Women & Girls,270,54,152,156,82,146,98,957,44,352,1207,1363
401,Karnataka,2002,Kidnapping & Abduction - Women & Girls,02. Kidnapping & Abduction of Women & Girls,276,1,336,309,9,92,94,1161,25,285,1138,1447
402,Kerala,2002,Kidnapping & Abduction - Women & Girls,02. Kidnapping & Abduction of Women & Girls,76,4,92,79,17,62,51,705,24,93,723,802
403,Lakshadweep,2002,Kidnapping & Abduction - Women & Girls,02. Kidnapping & Abduction of Women & Girls,0,0,0,0,0,0,0,0,0,0,0,0
404,Madhya Pradesh,2002,Kidnapping & Abduction - Women & Girls,02. Kidnapping & Abduction of Women & Girls,1028,16,1126,1163,201,81,43,5264,1,1229,5346,6509
405,Maharashtra,2002,Kidnapping & Abduction - Women & Girls,02. Kidnapping & Abduction of Women & Girls,843,94,977,879,68,234,280,8685,52,911,8811,9690
406,Manipur,2002,Kidnapping & Abduction - Women & Girls,02. Kidnapping & Abduction of Women & Girls,0,0,62,1,1,17,28,74,50,1,74,75
407,Meghalaya,2002,Kidnapping & Abduction - Women & Girls,02. Kidnapping & Abduction of Women & Girls,2,0,21,15,0,29,33,110,2,2,97,112
408,Mizoram,2002,Kidnapping & Abduction - Women & Girls,02. Kidnapping & Abduction of Women & Girls,0,0,3,1,1,0,2,1,0,1,1,2
409,Nagaland,2002,Kidnapping & Abduction - Women & Girls,02. Kidnapping & Abduction of Women & Girls,0,1,4,3,1,15,14,44,2,1,43,46
410,Odisha,2002,Kidnapping & Abduction - Women & Girls,02. Kidnapping & Abduction of Women & Girls,443,0,534,543,59,59,45,2133,5,502,2092,2635
411,Puducherry,2002,Kidnapping & Abduction - Women & Girls,02. Kidnapping & Abduction of Women & Girls,4,0,10,5,2,1,6,16,0,6,17,22
412,Punjab,2002,Kidnapping & Abduction - Women & Girls,02. Kidnapping & Abduction of Women & Girls,168,9,348,249,111,362,415,605,46,279,644,893
413,Rajasthan,2002,Kidnapping & Abduction - Women & Girls,02. Kidnapping & Abduction of Women & Girls,1703,66,1103,1091,457,7,18,9510,1,2160,10645,11736
414,Sikkim,2002,Kidnapping & Abduction - Women & Girls,02. Kidnapping & Abduction of Women & Girls,0,0,2,0,0,0,1,0,1,0,0,0
415,Tamil Nadu,2002,Kidnapping & Abduction - Women & Girls,02. Kidnapping & Abduction of Women & Girls,903,23,847,845,170,633,436,1919,199,1073,2170,3015
416,Tripura,2002,Kidnapping & Abduction - Women & Girls,02. Kidnapping & Abduction of Women & Girls,32,0,60,30,1,32,38,176,24,33,179,209
417,Uttar Pradesh,2002,Kidnapping & Abduction - Women & Girls,02. Kidnapping & Abduction of Women & Girls,1803,82,3829,3761,1887,814,465,14441,417,3690,14452,18213
418,Uttarakhand,2002,Kidnapping & Abduction - Women & Girls,02. Kidnapping & Abduction of Women & Girls,54,0,244,170,96,15,32,752,57,150,732,902
419,West Bengal,2002,Kidnapping & Abduction - Women & Girls,02. Kidnapping & Abduction of Women & Girls,719,18,1781,1655,105,1214,1232,6772,108,824,5959,7614
420,Andaman & Nicobar Islands,2003,Kidnapping & Abduction - Women & Girls,02. Kidnapping & Abduction of Women & Girls,0,0,1,0,0,0,1,28,0,0,28,28
421,Andhra Pradesh,2003,Kidnapping & Abduction - Women & Girls,02. Kidnapping & Abduction of Women & Girls,552,32,878,773,85,430,445,1565,90,637,1461,2234
422,Arunachal Pradesh,2003,Kidnapping & Abduction - Women & Girls,02. Kidnapping & Abduction of Women & Girls,0,0,50,25,0,26,28,378,23,0,353,378
423,Assam,2003,Kidnapping & Abduction - Women & Girls,02. Kidnapping & Abduction of Women & Girls,644,157,1894,1106,141,2433,2452,2849,769,785,2685,3791
424,Bihar,2003,Kidnapping & Abduction - Women & Girls,02. Kidnapping & Abduction of Women & Girls,682,10,877,781,141,381,315,8744,162,823,8796,9577
425,Chandigarh,2003,Kidnapping & Abduction - Women & Girls,02. Kidnapping & Abduction of Women & Girls,36,0,22,18,8,4,4,113,4,44,139,157
426,Chhattisgarh,2003,Kidnapping & Abduction - Women & Girls,02. Kidnapping & Abduction of Women & Girls,83,52,135,143,37,10,2,1125,0,120,1154,1297
427,Dadra & Nagar Haveli,2003,Kidnapping & Abduction - Women & Girls,02. Kidnapping & Abduction of Women & Girls,10,0,6,7,2,1,0,15,0,12,20,27
428,Daman & Diu,2003,Kidnapping & Abduction - Women & Girls,02. Kidnapping & Abduction of Women & Girls,0,0,1,0,0,0,0,1,1,0,1,1
429,Delhi,2003,Kidnapping & Abduction - Women & Girls,02. Kidnapping & Abduction of Women & Girls,121,0,274,126,17,46,156,430,38,138,442,568
430,Goa,2003,Kidnapping & Abduction - Women & Girls,02. Kidnapping & Abduction of Women & Girls,4,0,12,12,0,9,4,39,5,4,31,43
431,Gujarat,2003,Kidnapping & Abduction - Women & Girls,02. Kidnapping & Abduction of Women & Girls,536,12,945,917,44,130,147,8627,11,580,8302,9219
432,Haryana,2003,Kidnapping & Abduction - Women & Girls,02. Kidnapping & Abduction of Women & Girls,317,3,354,353,67,29,28,987,2,384,1021,1374
433,Himachal Pradesh,2003,Kidnapping & Abduction - Women & Girls,02. Kidnapping & Abduction of Women & Girls,73,1,76,82,8,30,11,346,13,81,346,428
434,Jammu & Kashmir,2003,Kidnapping & Abduction - Women & Girls,02. Kidnapping & Abduction of Women & Girls,233,11,696,700,2,11,4,4602,3,235,4148,4848
435,Jharkhand,2003,Kidnapping & Abduction - Women & Girls,02. Kidnapping & Abduction of Women & Girls,73,29,336,266,67,98,145,1054,23,140,957,1223
436,Karnataka,2003,Kidnapping & Abduction - Women & Girls,02. Kidnapping & Abduction of Women & Girls,272,1,242,263,2,94,40,1149,33,274,1161,1424
437,Kerala,2003,Kidnapping & Abduction - Women & Girls,02. Kidnapping & Abduction of Women & Girls,53,5,104,89,17,51,66,719,0,70,705,794
438,Lakshadweep,2003,Kidnapping & Abduction - Women & Girls,02. Kidnapping & Abduction of Women & Girls,0,0,0,0,0,0,0,0,0,0,0,0
439,Madhya Pradesh,2003,Kidnapping & Abduction - Women & Girls,02. Kidnapping & Abduction of Women & Girls,1020,43,918,924,265,40,32,5147,2,1285,5551,6475
440,Maharashtra,2003,Kidnapping & Abduction - Women & Girls,02. Kidnapping & Abduction of Women & Girls,657,25,938,837,61,280,328,8779,53,718,8685,9522
441,Manipur,2003,Kidnapping & Abduction - Women & Girls,02. Kidnapping & Abduction of Women & Girls,2,0,67,2,0,28,45,74,48,2,74,76
442,Meghalaya,2003,Kidnapping & Abduction - Women & Girls,02. Kidnapping & Abduction of Women & Girls,3,0,4,0,0,33,35,107,2,3,110,110
443,Mizoram,2003,Kidnapping & Abduction - Women & Girls,02. Kidnapping & Abduction of Women & Girls,0,0,3,3,1,0,0,3,0,1,1,4
444,Nagaland,2003,Kidnapping & Abduction - Women & Girls,02. Kidnapping & Abduction of Women & Girls,0,0,6,2,2,14,18,44,0,2,44,46
445,Odisha,2003,Kidnapping & Abduction - Women & Girls,02. Kidnapping & Abduction of Women & Girls,449,0,531,490,57,45,84,2117,2,506,2133,2623
446,Puducherry,2003,Kidnapping & Abduction - Women & Girls,02. Kidnapping & Abduction of Women & Girls,5,0,13,3,0,6,16,14,0,5,16,19
447,Punjab,2003,Kidnapping & Abduction - Women & Girls,02. Kidnapping & Abduction of Women & Girls,113,1,253,244,46,415,372,689,52,159,605,849
448,Rajasthan,2003,Kidnapping & Abduction - Women & Girls,02. Kidnapping & Abduction of Women & Girls,1336,62,921,925,394,18,12,8643,2,1730,9510,10435
449,Sikkim,2003,Kidnapping & Abduction - Women & Girls,02. Kidnapping & Abduction of Women & Girls,0,0,0,0,0,1,1,0,0,0,0,0
450,Tamil Nadu,2003,Kidnapping & Abduction - Women & Girls,02. Kidnapping & Abduction of Women & Girls,582,4,856,677,82,436,507,1928,108,664,1919,2596
451,Tripura,2003,Kidnapping & Abduction - Women & Girls,02. Kidnapping & Abduction of Women & Girls,21,0,68,47,6,38,43,196,16,27,176,223
452,Uttar Pradesh,2003,Kidnapping & Abduction - Women & Girls,02. Kidnapping & Abduction of Women & Girls,1340,69,2374,2309,1513,465,487,13828,43,2853,14441,16750
453,Uttarakhand,2003,Kidnapping & Abduction - Women & Girls,02. Kidnapping & Abduction of Women & Girls,37,1,217,179,40,32,30,853,40,77,752,931
454,West Bengal,2003,Kidnapping & Abduction - Women & Girls,02. Kidnapping & Abduction of Women & Girls,799,21,1571,1309,108,1232,1211,7153,283,907,6772,8081
455,Andaman & Nicobar Islands,2004,Kidnapping & Abduction - Women & Girls,02. Kidnapping & Abduction of Women & Girls,1,0,2,3,5,1,0,25,0,6,28,31
456,Andhra Pradesh,2004,Kidnapping & Abduction - Women & Girls,02. Kidnapping & Abduction of Women & Girls,715,33,1105,910,116,445,534,1611,106,831,1565,2475
457,Arunachal Pradesh,2004,Kidnapping & Abduction - Women & Girls,02. Kidnapping & Abduction of Women & Girls,0,2,34,25,5,28,21,396,16,5,378,403
458,Assam,2004,Kidnapping & Abduction - Women & Girls,02. Kidnapping & Abduction of Women & Girls,671,155,2083,1248,194,2452,2502,3077,785,865,2849,4097
459,Bihar,2004,Kidnapping & Abduction - Women & Girls,02. Kidnapping & Abduction of Women & Girls,791,0,1606,948,137,315,815,8764,158,928,8744,9692
460,Chandigarh,2004,Kidnapping & Abduction - Women & Girls,02. Kidnapping & Abduction of Women & Girls,9,0,61,49,33,4,10,120,6,42,113,162
461,Chhattisgarh,2004,Kidnapping & Abduction - Women & Girls,02. Kidnapping & Abduction of Women & Girls,181,93,225,219,81,2,7,989,1,262,1125,1344
462,Dadra & Nagar Haveli,2004,Kidnapping & Abduction - Women & Girls,02. Kidnapping & Abduction of Women & Girls,3,0,6,5,0,0,1,17,0,3,15,20
463,Daman & Diu,2004,Kidnapping & Abduction - Women & Girls,02. Kidnapping & Abduction of Women & Girls,0,0,0,0,0,0,0,0,0,0,0,0
464,Delhi,2004,Kidnapping & Abduction - Women & Girls,02. Kidnapping & Abduction of Women & Girls,114,0,331,297,16,156,157,597,33,130,430,727
465,Goa,2004,Kidnapping & Abduction - Women & Girls,02. Kidnapping & Abduction of Women & Girls,6,0,14,8,1,4,6,40,4,7,39,47
466,Gujarat,2004,Kidnapping & Abduction - Women & Girls,02. Kidnapping & Abduction of Women & Girls,658,11,1171,1184,65,147,129,9077,5,723,8627,9811
467,Haryana,2004,Kidnapping & Abduction - Women & Girls,02. Kidnapping & Abduction of Women & Girls,327,3,315,314,76,28,25,895,4,403,987,1301
468,Himachal Pradesh,2004,Kidnapping & Abduction - Women & Girls,02. Kidnapping & Abduction of Women & Girls,49,0,73,49,3,11,17,343,18,52,346,395
469,Jammu & Kashmir,2004,Kidnapping & Abduction - Women & Girls,02. Kidnapping & Abduction of Women & Girls,350,11,672,653,5,4,5,4889,18,355,4602,5255
470,Jharkhand,2004,Kidnapping & Abduction - Women & Girls,02. Kidnapping & Abduction of Women & Girls,73,29,336,266,67,145,192,1151,23,140,1054,1320
471,Karnataka,2004,Kidnapping & Abduction - Women & Girls,02. Kidnapping & Abduction of Women & Girls,279,4,278,256,12,40,50,1110,12,291,1149,1405
472,Kerala,2004,Kidnapping & Abduction - Women & Girls,02. Kidnapping & Abduction of Women & Girls,94,5,135,18,13,66,176,625,7,107,719,737
473,Lakshadweep,2004,Kidnapping & Abduction - Women & Girls,02. Kidnapping & Abduction of Women & Girls,0,0,0,0,0,0,0,0,0,0,0,0
474,Madhya Pradesh,2004,Kidnapping & Abduction - Women & Girls,02. Kidnapping & Abduction of Women & Girls,634,50,986,988,178,32,29,5273,1,812,5147,6135
475,Maharashtra,2004,Kidnapping & Abduction - Women & Girls,02. Kidnapping & Abduction of Women & Girls,715,23,1125,1116,49,328,274,9108,63,764,8779,9895
476,Manipur,2004,Kidnapping & Abduction - Women & Girls,02. Kidnapping & Abduction of Women & Girls,3,0,77,1,0,45,55,72,66,3,74,75
477,Meghalaya,2004,Kidnapping & Abduction - Women & Girls,02. Kidnapping & Abduction of Women & Girls,2,0,16,12,0,35,36,117,3,2,107,119
478,Mizoram,2004,Kidnapping & Abduction - Women & Girls,02. Kidnapping & Abduction of Women & Girls,0,0,0,0,0,0,0,3,0,0,3,3
479,Nagaland,2004,Kidnapping & Abduction - Women & Girls,02. Kidnapping & Abduction of Women & Girls,2,0,2,17,45,18,3,14,0,47,44,61
480,Odisha,2004,Kidnapping & Abduction - Women & Girls,02. Kidnapping & Abduction of Women & Girls,422,0,477,493,45,84,68,2143,0,467,2117,2610
481,Puducherry,2004,Kidnapping & Abduction - Women & Girls,02. Kidnapping & Abduction of Women & Girls,7,0,6,5,3,16,17,9,0,10,14,19
482,Punjab,2004,Kidnapping & Abduction - Women & Girls,02. Kidnapping & Abduction of Women & Girls,142,5,266,342,156,372,265,728,31,298,689,1031
483,Rajasthan,2004,Kidnapping & Abduction - Women & Girls,02. Kidnapping & Abduction of Women & Girls,879,35,1245,1232,392,12,25,8569,0,1271,8643,9875
484,Sikkim,2004,Kidnapping & Abduction - Women & Girls,02. Kidnapping & Abduction of Women & Girls,0,0,4,3,0,1,0,3,2,0,0,3
485,Tamil Nadu,2004,Kidnapping & Abduction - Women & Girls,02. Kidnapping & Abduction of Women & Girls,592,13,985,821,65,507,552,2079,119,657,1928,2749
486,Tripura,2004,Kidnapping & Abduction - Women & Girls,02. Kidnapping & Abduction of Women & Girls,50,0,83,79,26,43,26,199,21,76,196,275
487,Uttar Pradesh,2004,Kidnapping & Abduction - Women & Girls,02. Kidnapping & Abduction of Women & Girls,1335,95,3709,3265,1703,487,685,13960,246,3038,13828,17093
488,Uttarakhand,2004,Kidnapping & Abduction - Women & Girls,02. Kidnapping & Abduction of Women & Girls,89,0,202,132,61,30,28,835,72,150,853,985
489,West Bengal,2004,Kidnapping & Abduction - Women & Girls,02. Kidnapping & Abduction of Women & Girls,722,21,1620,1166,64,1211,1574,7512,91,786,7153,8319
490,Andaman & Nicobar Islands,2005,Kidnapping & Abduction - Women & Girls,02. Kidnapping & Abduction of Women & Girls,0,0,0,0,0,0,0,25,0,0,25,25
491,Andhra Pradesh,2005,Kidnapping & Abduction - Women & Girls,02. Kidnapping & Abduction of Women & Girls,634,24,1230,1036,98,534,631,1891,97,732,1611,2647
492,Arunachal Pradesh,2005,Kidnapping & Abduction - Women & Girls,02. Kidnapping & Abduction of Women & Girls,6,7,28,20,6,21,15,397,14,12,396,416
493,Assam,2005,Kidnapping & Abduction - Women & Girls,02. Kidnapping & Abduction of Women & Girls,714,229,2250,1324,167,2502,2554,3291,874,881,3077,4401
494,Bihar,2005,Kidnapping & Abduction - Women & Girls,02. Kidnapping & Abduction of Women & Girls,688,6,1518,1217,124,815,644,9163,472,812,8764,9981
495,Chandigarh,2005,Kidnapping & Abduction - Women & Girls,02. Kidnapping & Abduction of Women & Girls,17,0,39,26,0,10,10,129,13,17,120,146
496,Chhattisgarh,2005,Kidnapping & Abduction - Women & Girls,02. Kidnapping & Abduction of Women & Girls,90,10,223,218,37,7,11,1070,1,127,989,1207
497,Dadra & Nagar Haveli,2005,Kidnapping & Abduction - Women & Girls,02. Kidnapping & Abduction of Women & Girls,5,0,6,6,0,1,1,18,0,5,17,23
498,Daman & Diu,2005,Kidnapping & Abduction - Women & Girls,02. Kidnapping & Abduction of Women & Girls,0,0,4,4,0,0,0,4,0,0,0,4
499,Delhi,2005,Kidnapping & Abduction - Women & Girls,02. Kidnapping & Abduction of Women & Girls,109,0,419,305,31,157,191,762,80,140,597,902
500,Goa,2005,Kidnapping & Abduction - Women & Girls,02. Kidnapping & Abduction of Women & Girls,11,0,18,7,0,6,16,36,1,11,40,47
501,Gujarat,2005,Kidnapping & Abduction - Women & Girls,02. Kidnapping & Abduction of Women & Girls,577,29,1147,1106,73,129,170,9504,0,650,9077,10183
502,Haryana,2005,Kidnapping & Abduction - Women & Girls,02. Kidnapping & Abduction of Women & Girls,192,0,274,252,67,25,43,888,4,259,895,1147
503,Himachal Pradesh,2005,Kidnapping & Abduction - Women & Girls,02. Kidnapping & Abduction of Women & Girls,84,0,115,88,5,17,38,342,6,89,343,431
504,Jammu & Kashmir,2005,Kidnapping & Abduction - Women & Girls,02. Kidnapping & Abduction of Women & Girls,370,0,741,715,7,5,9,5227,22,377,4889,5604
505,Jharkhand,2005,Kidnapping & Abduction - Women & Girls,02. Kidnapping & Abduction of Women & Girls,986,17,207,271,37,192,106,382,22,1023,1151,1422
506,Karnataka,2005,Kidnapping & Abduction - Women & Girls,02. Kidnapping & Abduction of Women & Girls,270,48,270,247,13,50,60,1026,13,283,1110,1357
507,Kerala,2005,Kidnapping & Abduction - Women & Girls,02. Kidnapping & Abduction of Women & Girls,142,0,179,262,17,176,90,728,3,159,625,887
508,Lakshadweep,2005,Kidnapping & Abduction - Women & Girls,02. Kidnapping & Abduction of Women & Girls,0,0,0,0,0,0,0,0,0,0,0,0
509,Madhya Pradesh,2005,Kidnapping & Abduction - Women & Girls,02. Kidnapping & Abduction of Women & Girls,954,226,1047,1037,358,29,34,4772,5,1312,5273,6310
510,Maharashtra,2005,Kidnapping & Abduction - Women & Girls,02. Kidnapping & Abduction of Women & Girls,717,17,1338,1221,53,274,367,9542,24,770,9108,10329
511,Manipur,2005,Kidnapping & Abduction - Women & Girls,02. Kidnapping & Abduction of Women & Girls,3,0,68,2,0,55,50,71,71,3,72,74
512,Meghalaya,2005,Kidnapping & Abduction - Women & Girls,02. Kidnapping & Abduction of Women & Girls,24,0,16,2,0,36,46,95,4,24,117,119
513,Mizoram,2005,Kidnapping & Abduction - Women & Girls,02. Kidnapping & Abduction of Women & Girls,0,0,0,0,2,0,0,1,0,2,3,3
514,Nagaland,2005,Kidnapping & Abduction - Women & Girls,02. Kidnapping & Abduction of Women & Girls,2,0,6,8,17,3,0,3,1,19,14,22
515,Odisha,2005,Kidnapping & Abduction - Women & Girls,02. Kidnapping & Abduction of Women & Girls,291,0,530,520,37,68,70,2335,8,328,2143,2663
516,Puducherry,2005,Kidnapping & Abduction - Women & Girls,02. Kidnapping & Abduction of Women & Girls,4,0,2,10,1,17,9,14,0,5,9,19
517,Punjab,2005,Kidnapping & Abduction - Women & Girls,02. Kidnapping & Abduction of Women & Girls,147,3,361,295,34,265,291,839,40,181,728,1023
518,Rajasthan,2005,Kidnapping & Abduction - Women & Girls,02. Kidnapping & Abduction of Women & Girls,804,79,926,933,362,25,15,8257,3,1166,8569,9502
519,Sikkim,2005,Kidnapping & Abduction - Women & Girls,02. Kidnapping & Abduction of Women & Girls,0,0,3,1,0,0,1,4,1,0,3,4
520,Tamil Nadu,2005,Kidnapping & Abduction - Women & Girls,02. Kidnapping & Abduction of Women & Girls,753,5,911,964,146,552,366,2086,133,899,2026,2990
521,Tripura,2005,Kidnapping & Abduction - Women & Girls,02. Kidnapping & Abduction of Women & Girls,103,1,69,59,11,26,24,143,12,114,199,258
522,Uttar Pradesh,2005,Kidnapping & Abduction - Women & Girls,02. Kidnapping & Abduction of Women & Girls,1309,106,3593,3260,1517,685,789,14288,229,2826,13960,17220
523,Uttarakhand,2005,Kidnapping & Abduction - Women & Girls,02. Kidnapping & Abduction of Women & Girls,48,0,223,136,69,28,63,854,52,117,835,971
524,West Bengal,2005,Kidnapping & Abduction - Women & Girls,02. Kidnapping & Abduction of Women & Girls,646,29,1565,1442,211,1574,1472,8068,225,857,7512,8954
525,Andaman & Nicobar Islands,2006,Kidnapping & Abduction - Women & Girls,02. Kidnapping & Abduction of Women & Girls,0,0,10,10,0,0,0,35,0,0,25,35
526,Andhra Pradesh,2006,Kidnapping & Abduction - Women & Girls,02. Kidnapping & Abduction of Women & Girls,831,52,1326,1250,156,631,612,2102,95,987,1891,3141
527,Arunachal Pradesh,2006,Kidnapping & Abduction - Women & Girls,02. Kidnapping & Abduction of Women & Girls,7,3,51,37,5,15,17,419,12,12,397,434
528,Assam,2006,Kidnapping & Abduction - Women & Girls,02. Kidnapping & Abduction of Women & Girls,804,187,1848,1011,113,2554,2606,3198,785,917,3291,4302
529,Bihar,2006,Kidnapping & Abduction - Women & Girls,02. Kidnapping & Abduction of Women & Girls,971,10,1961,1350,218,644,1045,9314,210,1189,9163,10513
530,Chandigarh,2006,Kidnapping & Abduction - Women & Girls,02. Kidnapping & Abduction of Women & Girls,54,0,50,46,7,10,6,114,8,61,129,175
531,Chhattisgarh,2006,Kidnapping & Abduction - Women & Girls,02. Kidnapping & Abduction of Women & Girls,115,4,177,175,57,11,13,1069,0,172,1070,1245
532,Dadra & Nagar Haveli,2006,Kidnapping & Abduction - Women & Girls,02. Kidnapping & Abduction of Women & Girls,1,0,7,8,0,1,0,25,0,1,18,26
533,Daman & Diu,2006,Kidnapping & Abduction - Women & Girls,02. Kidnapping & Abduction of Women & Girls,4,0,1,1,0,0,0,1,0,4,4,5
534,Delhi,2006,Kidnapping & Abduction - Women & Girls,02. Kidnapping & Abduction of Women & Girls,57,0,402,390,74,191,119,1021,84,131,762,1152
535,Goa,2006,Kidnapping & Abduction - Women & Girls,02. Kidnapping & Abduction of Women & Girls,2,0,12,12,0,16,8,46,8,2,36,48
536,Gujarat,2006,Kidnapping & Abduction - Women & Girls,02. Kidnapping & Abduction of Women & Girls,676,47,1142,1152,135,170,159,9798,1,811,9504,10656
537,Haryana,2006,Kidnapping & Abduction - Women & Girls,02. Kidnapping & Abduction of Women & Girls,191,0,395,403,64,43,35,1036,0,255,888,1291
538,Himachal Pradesh,2006,Kidnapping & Abduction - Women & Girls,02. Kidnapping & Abduction of Women & Girls,51,11,77,75,7,38,22,348,18,58,342,417
539,Jammu & Kashmir,2006,Kidnapping & Abduction - Women & Girls,02. Kidnapping & Abduction of Women & Girls,341,14,862,853,18,9,4,5707,14,359,5227,6080
540,Jharkhand,2006,Kidnapping & Abduction - Women & Girls,02. Kidnapping & Abduction of Women & Girls,191,33,378,289,42,106,175,405,20,233,382,671
541,Karnataka,2006,Kidnapping & Abduction - Women & Girls,02. Kidnapping & Abduction of Women & Girls,243,1,357,310,15,60,79,1077,28,258,1026,1336
542,Kerala,2006,Kidnapping & Abduction - Women & Girls,02. Kidnapping & Abduction of Women & Girls,119,6,219,175,10,90,134,768,0,129,728,903
543,Lakshadweep,2006,Kidnapping & Abduction - Women & Girls,02. Kidnapping & Abduction of Women & Girls,0,0,0,0,0,0,0,0,0,0,0,0
544,Madhya Pradesh,2006,Kidnapping & Abduction - Women & Girls,02. Kidnapping & Abduction of Women & Girls,655,3,869,860,337,34,43,4637,0,992,4772,5632
545,Maharashtra,2006,Kidnapping & Abduction - Women & Girls,02. Kidnapping & Abduction of Women & Girls,606,20,1324,1155,60,367,472,10011,64,666,9542,10697
546,Manipur,2006,Kidnapping & Abduction - Women & Girls,02. Kidnapping & Abduction of Women & Girls,1,0,49,0,0,50,72,70,27,1,71,71
547,Meghalaya,2006,Kidnapping & Abduction - Women & Girls,02. Kidnapping & Abduction of Women & Girls,4,1,27,15,0,46,56,105,2,4,95,110
548,Mizoram,2006,Kidnapping & Abduction - Women & Girls,02. Kidnapping & Abduction of Women & Girls,0,0,1,1,2,0,0,0,0,2,1,2
549,Nagaland,2006,Kidnapping & Abduction - Women & Girls,02. Kidnapping & Abduction of Women & Girls,1,0,5,5,6,0,0,1,0,7,3,8
550,Odisha,2006,Kidnapping & Abduction - Women & Girls,02. Kidnapping & Abduction of Women & Girls,412,0,558,536,63,70,92,2396,0,475,2335,2871
551,Puducherry,2006,Kidnapping & Abduction - Women & Girls,02. Kidnapping & Abduction of Women & Girls,2,0,20,14,0,9,15,26,0,2,14,28
552,Punjab,2006,Kidnapping & Abduction - Women & Girls,02. Kidnapping & Abduction of Women & Girls,178,0,471,282,43,291,438,900,42,221,839,1121
553,Rajasthan,2006,Kidnapping & Abduction - Women & Girls,02. Kidnapping & Abduction of Women & Girls,784,118,1011,1012,571,15,12,7796,2,1355,8257,9269
554,Sikkim,2006,Kidnapping & Abduction - Women & Girls,02. Kidnapping & Abduction of Women & Girls,0,0,0,1,0,1,0,5,0,0,4,5
555,Tamil Nadu,2006,Kidnapping & Abduction - Women & Girls,02. Kidnapping & Abduction of Women & Girls,808,5,1052,691,174,366,568,1790,159,982,2086,2777
556,Tripura,2006,Kidnapping & Abduction - Women & Girls,02. Kidnapping & Abduction of Women & Girls,16,0,61,42,5,24,21,164,22,21,143,185
557,Uttar Pradesh,2006,Kidnapping & Abduction - Women & Girls,02. Kidnapping & Abduction of Women & Girls,1600,116,4270,3965,2018,789,670,14519,424,3618,14288,18253
558,Uttarakhand,2006,Kidnapping & Abduction - Women & Girls,02. Kidnapping & Abduction of Women & Girls,94,17,314,255,138,63,61,860,61,232,854,1109
559,West Bengal,2006,Kidnapping & Abduction - Women & Girls,02. Kidnapping & Abduction of Women & Girls,1005,41,1660,1251,180,1472,1558,8093,323,1185,8068,9319
560,Andaman & Nicobar Islands,2007,Kidnapping & Abduction - Women & Girls,02. Kidnapping & Abduction of Women & Girls,6,0,6,3,0,0,3,32,0,6,35,38
561,Andhra Pradesh,2007,Kidnapping & Abduction - Women & Girls,02. Kidnapping & Abduction of Women & Girls,804,128,1674,1424,129,612,802,2465,60,933,2102,3526
562,Arunachal Pradesh,2007,Kidnapping & Abduction - Women & Girls,02. Kidnapping & Abduction of Women & Girls,2,1,51,37,5,17,12,448,19,7,419,456
563,Assam,2007,Kidnapping & Abduction - Women & Girls,02. Kidnapping & Abduction of Women & Girls,807,64,1721,1034,225,2606,2639,3136,654,1032,3198,4232
564,Bihar,2007,Kidnapping & Abduction - Women & Girls,02. Kidnapping & Abduction of Women & Girls,1256,21,2085,1742,157,1045,1189,9622,199,1413,9314,11056
565,Chandigarh,2007,Kidnapping & Abduction - Women & Girls,02. Kidnapping & Abduction of Women & Girls,20,0,45,31,13,6,14,112,6,33,114,145
566,Chhattisgarh,2007,Kidnapping & Abduction - Women & Girls,02. Kidnapping & Abduction of Women & Girls,64,1,196,198,38,13,11,1164,0,102,1069,1267
567,Dadra & Nagar Haveli,2007,Kidnapping & Abduction - Women & Girls,02. Kidnapping & Abduction of Women & Girls,3,0,7,7,0,0,0,29,0,3,25,32
568,Daman & Diu,2007,Kidnapping & Abduction - Women & Girls,02. Kidnapping & Abduction of Women & Girls,0,0,3,3,0,0,0,4,0,0,1,4
569,Delhi,2007,Kidnapping & Abduction - Women & Girls,02. Kidnapping & Abduction of Women & Girls,68,0,352,204,80,119,185,1077,82,148,1021,1225
570,Goa,2007,Kidnapping & Abduction - Women & Girls,02. Kidnapping & Abduction of Women & Girls,6,0,8,2,3,8,11,39,3,9,46,48
571,Gujarat,2007,Kidnapping & Abduction - Women & Girls,02. Kidnapping & Abduction of Women & Girls,474,23,1356,1310,87,159,204,10524,1,561,9798,11108
572,Haryana,2007,Kidnapping & Abduction - Women & Girls,02. Kidnapping & Abduction of Women & Girls,305,3,490,463,95,35,62,1096,0,400,1036,1499
573,Himachal Pradesh,2007,Kidnapping & Abduction - Women & Girls,02. Kidnapping & Abduction of Women & Girls,50,8,106,75,7,22,46,358,7,57,348,423
574,Jammu & Kashmir,2007,Kidnapping & Abduction - Women & Girls,02. Kidnapping & Abduction of Women & Girls,476,19,959,956,2,4,3,6166,4,478,5707,6663
575,Jharkhand,2007,Kidnapping & Abduction - Women & Girls,02. Kidnapping & Abduction of Women & Girls,240,0,549,487,129,175,218,523,19,369,405,892
576,Karnataka,2007,Kidnapping & Abduction - Women & Girls,02. Kidnapping & Abduction of Women & Girls,297,3,373,337,25,79,92,1089,23,322,1077,1414
577,Kerala,2007,Kidnapping & Abduction - Women & Girls,02. Kidnapping & Abduction of Women & Girls,122,4,194,214,14,134,114,842,0,136,768,982
578,Lakshadweep,2007,Kidnapping & Abduction - Women & Girls,02. Kidnapping & Abduction of Women & Girls,0,0,0,0,0,0,0,0,0,0,0,0
579,Madhya Pradesh,2007,Kidnapping & Abduction - Women & Girls,02. Kidnapping & Abduction of Women & Girls,794,49,906,920,301,43,29,4413,0,1095,4637,5557
580,Maharashtra,2007,Kidnapping & Abduction - Women & Girls,02. Kidnapping & Abduction of Women & Girls,543,23,1286,1243,79,472,467,10609,48,622,10011,11254
581,Manipur,2007,Kidnapping & Abduction - Women & Girls,02. Kidnapping & Abduction of Women & Girls,4,0,59,1,1,72,65,66,65,5,70,71
582,Meghalaya,2007,Kidnapping & Abduction - Women & Girls,02. Kidnapping & Abduction of Women & Girls,3,0,12,15,6,56,49,111,4,9,105,120
583,Mizoram,2007,Kidnapping & Abduction - Women & Girls,02. Kidnapping & Abduction of Women & Girls,0,0,0,0,0,0,0,0,0,0,0,0
584,Nagaland,2007,Kidnapping & Abduction - Women & Girls,02. Kidnapping & Abduction of Women & Girls,0,0,12,11,7,0,1,5,0,7,1,12
585,Odisha,2007,Kidnapping & Abduction - Women & Girls,02. Kidnapping & Abduction of Women & Girls,317,0,681,684,61,92,80,2702,9,378,2396,3080
586,Puducherry,2007,Kidnapping & Abduction - Women & Girls,02. Kidnapping & Abduction of Women & Girls,8,0,14,18,3,15,9,33,2,11,26,44
587,Punjab,2007,Kidnapping & Abduction - Women & Girls,02. Kidnapping & Abduction of Women & Girls,165,4,592,381,63,438,590,1049,59,228,900,1281
588,Rajasthan,2007,Kidnapping & Abduction - Women & Girls,02. Kidnapping & Abduction of Women & Girls,674,22,942,944,270,12,10,7774,0,944,7796,8740
589,Sikkim,2007,Kidnapping & Abduction - Women & Girls,02. Kidnapping & Abduction of Women & Girls,0,0,3,3,0,0,0,8,0,0,5,8
590,Tamil Nadu,2007,Kidnapping & Abduction - Women & Girls,02. Kidnapping & Abduction of Women & Girls,759,0,1107,835,118,568,700,1748,140,877,1790,2625
591,Tripura,2007,Kidnapping & Abduction - Women & Girls,02. Kidnapping & Abduction of Women & Girls,43,0,81,80,12,21,18,189,4,55,164,244
592,Uttar Pradesh,2007,Kidnapping & Abduction - Women & Girls,02. Kidnapping & Abduction of Women & Girls,1991,110,5683,4166,1843,670,919,14741,1268,3834,14519,18685
593,Uttarakhand,2007,Kidnapping & Abduction - Women & Girls,02. Kidnapping & Abduction of Women & Girls,90,0,363,269,76,61,89,963,66,166,860,1129
594,West Bengal,2007,Kidnapping & Abduction - Women & Girls,02. Kidnapping & Abduction of Women & Girls,943,86,1742,1549,56,1558,1501,8557,250,999,8093,9642
595,Andaman & Nicobar Islands,2008,Kidnapping & Abduction - Women & Girls,02. Kidnapping & Abduction of Women & Girls,1,0,10,10,0,3,3,41,0,1,32,42
596,Andhra Pradesh,2008,Kidnapping & Abduction - Women & Girls,02. Kidnapping & Abduction of Women & Girls,911,36,1606,1635,96,802,708,3057,65,1007,2465,4100
597,Arunachal Pradesh,2008,Kidnapping & Abduction - Women & Girls,02. Kidnapping & Abduction of Women & Girls,5,2,57,35,7,12,23,469,11,12,448,483
598,Assam,2008,Kidnapping & Abduction - Women & Girls,02. Kidnapping & Abduction of Women & Girls,854,106,1965,1269,248,2639,2536,3197,799,1102,3136,4405
599,Bihar,2008,Kidnapping & Abduction - Women & Girls,02. Kidnapping & Abduction of Women & Girls,1101,14,2382,1978,264,1189,1518,10221,75,1365,9622,11600
600,Chandigarh,2008,Kidnapping & Abduction - Women & Girls,02. Kidnapping & Abduction of Women & Girls,37,0,42,22,21,14,22,76,12,58,112,134
601,Chhattisgarh,2008,Kidnapping & Abduction - Women & Girls,02. Kidnapping & Abduction of Women & Girls,129,2,229,210,33,11,30,1210,0,162,1164,1374
602,Dadra & Nagar Haveli,2008,Kidnapping & Abduction - Women & Girls,02. Kidnapping & Abduction of Women & Girls,1,0,16,8,0,0,8,36,0,1,29,37
603,Daman & Diu,2008,Kidnapping & Abduction - Women & Girls,02. Kidnapping & Abduction of Women & Girls,0,0,0,0,0,0,0,4,0,0,4,4
604,Delhi,2008,Kidnapping & Abduction - Women & Girls,02. Kidnapping & Abduction of Women & Girls,161,0,412,458,41,185,91,1333,48,202,1077,1535
605,Goa,2008,Kidnapping & Abduction - Women & Girls,02. Kidnapping & Abduction of Women & Girls,5,0,28,10,1,11,28,43,1,6,39,49
606,Gujarat,2008,Kidnapping & Abduction - Women & Girls,02. Kidnapping & Abduction of Women & Girls,512,8,1320,1324,67,204,194,11261,6,579,10524,11848
607,Haryana,2008,Kidnapping & Abduction - Women & Girls,02. Kidnapping & Abduction of Women & Girls,250,2,594,563,90,62,92,1317,1,340,1096,1659
608,Himachal Pradesh,2008,Kidnapping & Abduction - Women & Girls,02. Kidnapping & Abduction of Women & Girls,65,1,144,133,17,46,45,408,12,82,358,491
609,Jammu & Kashmir,2008,Kidnapping & Abduction - Women & Girls,02. Kidnapping & Abduction of Women & Girls,387,6,523,524,1,3,2,6296,0,388,6166,6690
610,Jharkhand,2008,Kidnapping & Abduction - Women & Girls,02. Kidnapping & Abduction of Women & Girls,223,21,604,533,92,218,269,720,20,315,523,1056
611,Karnataka,2008,Kidnapping & Abduction - Women & Girls,02. Kidnapping & Abduction of Women & Girls,264,10,487,394,11,92,174,1198,11,275,1089,1483
612,Kerala,2008,Kidnapping & Abduction - Women & Girls,02. Kidnapping & Abduction of Women & Girls,139,0,179,194,5,114,99,892,0,144,842,1036
613,Lakshadweep,2008,Kidnapping & Abduction - Women & Girls,02. Kidnapping & Abduction of Women & Girls,0,0,1,0,0,0,1,0,0,0,0,0
614,Madhya Pradesh,2008,Kidnapping & Abduction - Women & Girls,02. Kidnapping & Abduction of Women & Girls,639,20,1013,1006,215,29,36,4545,0,854,4413,5419
615,Maharashtra,2008,Kidnapping & Abduction - Women & Girls,02. Kidnapping & Abduction of Women & Girls,687,57,1487,1351,63,467,566,11153,37,750,10609,11960
616,Manipur,2008,Kidnapping & Abduction - Women & Girls,02. Kidnapping & Abduction of Women & Girls,0,0,68,0,0,65,44,66,89,0,66,66
617,Meghalaya,2008,Kidnapping & Abduction - Women & Girls,02. Kidnapping & Abduction of Women & Girls,4,0,14,3,0,49,57,110,3,4,111,114
618,Mizoram,2008,Kidnapping & Abduction - Women & Girls,02. Kidnapping & Abduction of Women & Girls,0,0,1,1,0,0,0,1,0,0,0,1
619,Nagaland,2008,Kidnapping & Abduction - Women & Girls,02. Kidnapping & Abduction of Women & Girls,0,0,5,3,1,1,1,7,2,1,5,8
620,Odisha,2008,Kidnapping & Abduction - Women & Girls,02. Kidnapping & Abduction of Women & Girls,403,1,633,602,71,80,111,2829,0,474,2702,3304
621,Puducherry,2008,Kidnapping & Abduction - Women & Girls,02. Kidnapping & Abduction of Women & Girls,4,0,8,7,0,9,10,36,0,4,33,40
622,Punjab,2008,Kidnapping & Abduction - Women & Girls,02. Kidnapping & Abduction of Women & Girls,159,2,573,470,42,590,616,1316,77,201,1049,1519
623,Rajasthan,2008,Kidnapping & Abduction - Women & Girls,02. Kidnapping & Abduction of Women & Girls,497,25,942,938,169,10,14,8021,0,666,7774,8712
624,Sikkim,2008,Kidnapping & Abduction - Women & Girls,02. Kidnapping & Abduction of Women & Girls,1,0,8,8,1,0,0,14,0,2,8,16
625,Tamil Nadu,2008,Kidnapping & Abduction - Women & Girls,02. Kidnapping & Abduction of Women & Girls,683,0,1405,1116,263,700,887,1918,102,946,1748,2864
626,Tripura,2008,Kidnapping & Abduction - Women & Girls,02. Kidnapping & Abduction of Women & Girls,43,5,112,93,12,18,17,222,20,55,189,282
627,Uttar Pradesh,2008,Kidnapping & Abduction - Women & Girls,02. Kidnapping & Abduction of Women & Girls,2366,29,8280,5932,2782,919,1231,15496,2036,5148,14741,20673
628,Uttarakhand,2008,Kidnapping & Abduction - Women & Girls,02. Kidnapping & Abduction of Women & Girls,161,0,203,174,118,89,47,858,71,279,963,1137
629,West Bengal,2008,Kidnapping & Abduction - Women & Girls,02. Kidnapping & Abduction of Women & Girls,1021,202,1857,1466,58,1501,1740,8742,152,1079,8557,10023
630,Andaman & Nicobar Islands,2009,Kidnapping & Abduction - Women & Girls,02. Kidnapping & Abduction of Women & Girls,6,0,5,2,0,3,6,37,0,6,41,43
631,Andhra Pradesh,2009,Kidnapping & Abduction - Women & Girls,02. Kidnapping & Abduction of Women & Girls,1319,53,1889,1637,93,708,813,3229,147,1412,3057,4694
632,Arunachal Pradesh,2009,Kidnapping & Abduction - Women & Girls,02. Kidnapping & Abduction of Women & Girls,6,1,38,34,4,23,20,492,7,10,469,503
633,Assam,2009,Kidnapping & Abduction - Women & Girls,02. Kidnapping & Abduction of Women & Girls,591,118,2392,1159,118,2536,2706,3529,1063,709,3197,4356
634,Bihar,2009,Kidnapping & Abduction - Women & Girls,02. Kidnapping & Abduction of Women & Girls,1326,21,2397,1961,300,1518,1813,10535,141,1626,10221,12182
635,Chandigarh,2009,Kidnapping & Abduction - Women & Girls,02. Kidnapping & Abduction of Women & Girls,23,0,29,23,13,22,26,63,2,36,76,99
636,Chhattisgarh,2009,Kidnapping & Abduction - Women & Girls,02. Kidnapping & Abduction of Women & Girls,121,0,267,250,43,30,47,1296,0,164,1210,1460
637,Dadra & Nagar Haveli,2009,Kidnapping & Abduction - Women & Girls,02. Kidnapping & Abduction of Women & Girls,1,0,12,18,3,8,2,50,0,4,36,54
638,Daman & Diu,2009,Kidnapping & Abduction - Women & Girls,02. Kidnapping & Abduction of Women & Girls,0,0,0,0,0,0,0,4,0,0,4,4
639,Delhi,2009,Kidnapping & Abduction - Women & Girls,02. Kidnapping & Abduction of Women & Girls,105,0,375,378,57,91,68,1549,20,162,1333,1711
640,Goa,2009,Kidnapping & Abduction - Women & Girls,02. Kidnapping & Abduction of Women & Girls,14,0,18,22,0,28,17,51,7,14,43,65
641,Gujarat,2009,Kidnapping & Abduction - Women & Girls,02. Kidnapping & Abduction of Women & Girls,472,10,1494,1493,73,194,194,12199,1,545,11261,12754
642,Haryana,2009,Kidnapping & Abduction - Women & Girls,02. Kidnapping & Abduction of Women & Girls,384,0,530,549,104,92,73,1378,0,488,1317,1866
643,Himachal Pradesh,2009,Kidnapping & Abduction - Women & Girls,02. Kidnapping & Abduction of Women & Girls,85,10,102,106,17,45,34,402,7,102,408,514
644,Jammu & Kashmir,2009,Kidnapping & Abduction - Women & Girls,02. Kidnapping & Abduction of Women & Girls,554,4,696,694,10,2,4,6422,0,564,6296,6990
645,Jharkhand,2009,Kidnapping & Abduction - Women & Girls,02. Kidnapping & Abduction of Women & Girls,330,20,397,399,129,269,253,640,14,459,720,1119
646,Karnataka,2009,Kidnapping & Abduction - Women & Girls,02. Kidnapping & Abduction of Women & Girls,325,22,506,490,16,174,176,1325,14,341,1198,1688
647,Kerala,2009,Kidnapping & Abduction - Women & Girls,02. Kidnapping & Abduction of Women & Girls,128,2,202,185,14,99,116,933,0,142,892,1077
648,Lakshadweep,2009,Kidnapping & Abduction - Women & Girls,02. Kidnapping & Abduction of Women & Girls,0,0,0,1,0,1,0,1,0,0,0,1
649,Madhya Pradesh,2009,Kidnapping & Abduction - Women & Girls,02. Kidnapping & Abduction of Women & Girls,551,9,1060,1042,188,36,54,4839,0,739,4545,5587
650,Maharashtra,2009,Kidnapping & Abduction - Women & Girls,02. Kidnapping & Abduction of Women & Girls,576,24,1388,1388,61,566,488,11880,78,637,11153,12541
651,Manipur,2009,Kidnapping & Abduction - Women & Girls,02. Kidnapping & Abduction of Women & Girls,0,0,95,1,0,44,81,66,57,0,65,66
652,Meghalaya,2009,Kidnapping & Abduction - Women & Girls,02. Kidnapping & Abduction of Women & Girls,18,0,17,10,0,57,59,102,5,18,110,120
653,Mizoram,2009,Kidnapping & Abduction - Women & Girls,02. Kidnapping & Abduction of Women & Girls,0,0,0,0,1,0,0,0,0,1,1,1
654,Nagaland,2009,Kidnapping & Abduction - Women & Girls,02. Kidnapping & Abduction of Women & Girls,0,0,8,4,9,1,0,2,5,9,7,11
655,Odisha,2009,Kidnapping & Abduction - Women & Girls,02. Kidnapping & Abduction of Women & Girls,357,0,814,762,52,111,163,3182,0,409,2829,3591
656,Puducherry,2009,Kidnapping & Abduction - Women & Girls,02. Kidnapping & Abduction of Women & Girls,6,0,11,13,0,10,8,43,0,6,36,49
657,Punjab,2009,Kidnapping & Abduction - Women & Girls,02. Kidnapping & Abduction of Women & Girls,294,0,566,358,66,616,713,1314,111,360,1316,1674
658,Rajasthan,2009,Kidnapping & Abduction - Women & Girls,02. Kidnapping & Abduction of Women & Girls,501,14,1138,1132,198,14,20,8440,0,699,8021,9153
659,Sikkim,2009,Kidnapping & Abduction - Women & Girls,02. Kidnapping & Abduction of Women & Girls,5,1,7,4,3,0,1,9,2,8,14,18
660,Tamil Nadu,2009,Kidnapping & Abduction - Women & Girls,02. Kidnapping & Abduction of Women & Girls,659,4,1312,1090,126,887,991,2219,118,785,1918,3008
661,Tripura,2009,Kidnapping & Abduction - Women & Girls,02. Kidnapping & Abduction of Women & Girls,65,3,125,73,10,17,42,217,27,75,222,295
662,Uttar Pradesh,2009,Kidnapping & Abduction - Women & Girls,02. Kidnapping & Abduction of Women & Girls,3489,54,10487,6777,3527,1231,1469,15203,3472,7016,15496,22273
663,Uttarakhand,2009,Kidnapping & Abduction - Women & Girls,02. Kidnapping & Abduction of Women & Girls,114,0,191,193,97,47,38,840,7,211,858,1051
664,West Bengal,2009,Kidnapping & Abduction - Women & Girls,02. Kidnapping & Abduction of Women & Girls,858,86,1958,1790,27,1740,1783,9561,125,885,8742,10532
665,Andaman & Nicobar Islands,2010,Kidnapping & Abduction - Women & Girls,02. Kidnapping & Abduction of Women & Girls,0,0,11,16,0,6,1,53,0,0,37,53
666,Andhra Pradesh,2010,Kidnapping & Abduction - Women & Girls,02. Kidnapping & Abduction of Women & Girls,1265,114,1722,1816,128,813,622,3538,97,1393,3229,5045
667,Arunachal Pradesh,2010,Kidnapping & Abduction - Women & Girls,02. Kidnapping & Abduction of Women & Girls,3,7,48,29,2,20,26,509,13,5,492,521
668,Assam,2010,Kidnapping & Abduction - Women & Girls,02. Kidnapping & Abduction of Women & Girls,671,130,2687,1218,146,2706,3078,3800,1097,817,3529,4747
669,Bihar,2010,Kidnapping & Abduction - Women & Girls,02. Kidnapping & Abduction of Women & Girls,1440,19,2503,2280,196,1813,1916,11160,120,1636,10535,12815
670,Chandigarh,2010,Kidnapping & Abduction - Women & Girls,02. Kidnapping & Abduction of Women & Girls,13,0,23,8,8,26,17,50,24,21,63,71
671,Chhattisgarh,2010,Kidnapping & Abduction - Women & Girls,02. Kidnapping & Abduction of Women & Girls,144,1,352,321,58,47,71,1414,7,202,1296,1617
672,Dadra & Nagar Haveli,2010,Kidnapping & Abduction - Women & Girls,02. Kidnapping & Abduction of Women & Girls,2,0,7,3,1,2,6,50,0,3,50,53
673,Daman & Diu,2010,Kidnapping & Abduction - Women & Girls,02. Kidnapping & Abduction of Women & Girls,0,0,0,0,0,0,0,4,0,0,4,4
674,Delhi,2010,Kidnapping & Abduction - Women & Girls,02. Kidnapping & Abduction of Women & Girls,155,0,366,352,85,68,71,1661,11,240,1549,1901
675,Goa,2010,Kidnapping & Abduction - Women & Girls,02. Kidnapping & Abduction of Women & Girls,13,0,15,18,2,17,12,54,2,15,51,69
676,Gujarat,2010,Kidnapping & Abduction - Women & Girls,02. Kidnapping & Abduction of Women & Girls,712,21,1651,1580,100,194,263,12946,2,812,12199,13779
677,Haryana,2010,Kidnapping & Abduction - Women & Girls,02. Kidnapping & Abduction of Women & Girls,356,0,543,524,130,73,92,1416,0,486,1378,1902
678,Himachal Pradesh,2010,Kidnapping & Abduction - Women & Girls,02. Kidnapping & Abduction of Women & Girls,74,3,101,95,5,34,40,415,0,79,402,497
679,Jammu & Kashmir,2010,Kidnapping & Abduction - Women & Girls,02. Kidnapping & Abduction of Women & Girls,436,13,509,503,10,4,10,6466,0,446,6422,6925
680,Jharkhand,2010,Kidnapping & Abduction - Women & Girls,02. Kidnapping & Abduction of Women & Girls,380,3,710,674,103,253,282,828,7,483,640,1314
681,Karnataka,2010,Kidnapping & Abduction - Women & Girls,02. Kidnapping & Abduction of Women & Girls,344,85,751,614,47,176,266,1463,47,391,1325,1939
682,Kerala,2010,Kidnapping & Abduction - Women & Girls,02. Kidnapping & Abduction of Women & Girls,95,0,221,257,5,116,80,1090,0,100,933,1190
683,Lakshadweep,2010,Kidnapping & Abduction - Women & Girls,02. Kidnapping & Abduction of Women & Girls,0,0,0,0,0,0,0,1,0,0,1,1
684,Madhya Pradesh,2010,Kidnapping & Abduction - Women & Girls,02. Kidnapping & Abduction of Women & Girls,833,14,1303,1309,390,54,48,4911,0,1223,4839,6148
685,Maharashtra,2010,Kidnapping & Abduction - Women & Girls,02. Kidnapping & Abduction of Women & Girls,655,14,1470,1250,43,488,663,12418,45,698,11880,13130
686,Manipur,2010,Kidnapping & Abduction - Women & Girls,02. Kidnapping & Abduction of Women & Girls,2,0,83,2,0,81,103,66,59,2,66,68
687,Meghalaya,2010,Kidnapping & Abduction - Women & Girls,02. Kidnapping & Abduction of Women & Girls,6,0,41,17,0,59,75,113,8,6,102,119
688,Mizoram,2010,Kidnapping & Abduction - Women & Girls,02. Kidnapping & Abduction of Women & Girls,0,0,0,0,0,0,0,0,0,0,0,0
689,Nagaland,2010,Kidnapping & Abduction - Women & Girls,02. Kidnapping & Abduction of Women & Girls,2,0,13,6,1,0,4,5,3,3,2,8
690,Odisha,2010,Kidnapping & Abduction - Women & Girls,02. Kidnapping & Abduction of Women & Girls,666,0,1070,1095,41,163,138,3570,0,707,3182,4277
691,Puducherry,2010,Kidnapping & Abduction - Women & Girls,02. Kidnapping & Abduction of Women & Girls,5,0,22,26,2,8,4,62,0,7,43,69
692,Punjab,2010,Kidnapping & Abduction - Women & Girls,02. Kidnapping & Abduction of Women & Girls,234,0,646,542,100,609,579,1427,134,334,1219,1761
693,Rajasthan,2010,Kidnapping & Abduction - Women & Girls,02. Kidnapping & Abduction of Women & Girls,468,33,1281,1275,251,20,26,8963,0,719,8440,9715
694,Sikkim,2010,Kidnapping & Abduction - Women & Girls,02. Kidnapping & Abduction of Women & Girls,1,1,13,10,1,1,2,16,2,2,9,19
695,Tamil Nadu,2010,Kidnapping & Abduction - Women & Girls,02. Kidnapping & Abduction of Women & Girls,683,1,1532,1280,160,991,1165,2655,78,843,2219,3499
696,Tripura,2010,Kidnapping & Abduction - Women & Girls,02. Kidnapping & Abduction of Women & Girls,151,0,106,89,3,42,50,152,9,154,217,306
697,Uttar Pradesh,2010,Kidnapping & Abduction - Women & Girls,02. Kidnapping & Abduction of Women & Girls,3369,25,11903,6831,3951,1469,2256,14689,4285,7320,15203,22034
698,Uttarakhand,2010,Kidnapping & Abduction - Women & Girls,02. Kidnapping & Abduction of Women & Girls,94,0,293,272,55,38,30,963,29,149,840,1112
699,West Bengal,2010,Kidnapping & Abduction - Women & Girls,02. Kidnapping & Abduction of Women & Girls,848,48,2254,2545,50,1783,1286,11160,206,898,9561,12106
700,Andaman & Nicobar Islands,2001,Dowry Deaths,03. Dowry Deaths,0,0,0,0,0,0,0,1,0,0,1,1
701,Andhra Pradesh,2001,Dowry Deaths,03. Dowry Deaths,734,2,1054,974,145,414,479,2330,15,879,2237,3211
702,Arunachal Pradesh,2001,Dowry Deaths,03. Dowry Deaths,0,0,0,0,0,0,0,0,0,0,0,0
703,Assam,2001,Dowry Deaths,03. Dowry Deaths,37,0,95,57,18,60,94,197,4,55,195,252
704,Bihar,2001,Dowry Deaths,03. Dowry Deaths,903,64,2899,2362,319,1129,1340,6043,326,1222,4967,7329
705,Chandigarh,2001,Dowry Deaths,03. Dowry Deaths,9,0,7,7,4,0,0,19,0,13,25,32
706,Chhattisgarh,2001,Dowry Deaths,03. Dowry Deaths,82,10,163,177,41,16,2,706,0,123,662,839
707,Dadra & Nagar Haveli,2001,Dowry Deaths,03. Dowry Deaths,0,0,0,0,1,0,0,8,0,1,9,9
708,Daman & Diu,2001,Dowry Deaths,03. Dowry Deaths,0,0,0,0,0,0,0,0,0,0,0,0
709,Delhi,2001,Dowry Deaths,03. Dowry Deaths,51,0,256,304,70,134,75,1638,11,121,1455,1759
710,Goa,2001,Dowry Deaths,03. Dowry Deaths,4,0,4,4,1,0,0,21,0,5,22,26
711,Gujarat,2001,Dowry Deaths,03. Dowry Deaths,58,4,238,255,1,30,13,1662,0,59,1470,1725
712,Haryana,2001,Dowry Deaths,03. Dowry Deaths,716,8,734,748,133,39,25,1638,0,849,1747,2495
713,Himachal Pradesh,2001,Dowry Deaths,03. Dowry Deaths,8,0,15,12,0,5,8,78,0,8,74,86
714,Jammu & Kashmir,2001,Dowry Deaths,03. Dowry Deaths,48,3,40,34,0,3,3,34,6,48,51,85
715,Jharkhand,2001,Dowry Deaths,03. Dowry Deaths,438,0,557,424,235,226,302,1093,57,673,1342,1766
716,Karnataka,2001,Dowry Deaths,03. Dowry Deaths,358,6,422,461,23,237,159,1568,39,381,1494,1955
717,Kerala,2001,Dowry Deaths,03. Dowry Deaths,15,0,55,47,9,21,29,253,0,24,230,277
718,Lakshadweep,2001,Dowry Deaths,03. Dowry Deaths,0,0,0,0,0,0,0,0,0,0,0,0
719,Madhya Pradesh,2001,Dowry Deaths,03. Dowry Deaths,1109,5,1503,1472,402,49,80,4123,0,1511,4167,5639
720,Maharashtra,2001,Dowry Deaths,03. Dowry Deaths,1021,62,1009,1065,97,293,237,7303,0,1118,7418,8483
721,Manipur,2001,Dowry Deaths,03. Dowry Deaths,0,0,0,0,0,0,0,0,0,0,0,0
722,Meghalaya,2001,Dowry Deaths,03. Dowry Deaths,0,0,0,0,0,1,1,5,0,0,5,5
723,Mizoram,2001,Dowry Deaths,03. Dowry Deaths,0,0,0,0,0,0,0,0,0,0,0,0
724,Nagaland,2001,Dowry Deaths,03. Dowry Deaths,0,0,0,0,0,0,0,0,0,0,0,0
725,Odisha,2001,Dowry Deaths,03. Dowry Deaths,367,0,603,602,76,23,19,1337,5,443,1178,1780
726,Puducherry,2001,Dowry Deaths,03. Dowry Deaths,8,0,4,6,8,2,0,7,0,16,17,23
727,Punjab,2001,Dowry Deaths,03. Dowry Deaths,229,9,450,437,119,366,369,1023,10,348,943,1380
728,Rajasthan,2001,Dowry Deaths,03. Dowry Deaths,406,2,722,731,231,20,11,2979,0,637,2887,3618
729,Sikkim,2001,Dowry Deaths,03. Dowry Deaths,0,0,0,0,0,0,0,0,0,0,0,0
730,Tamil Nadu,2001,Dowry Deaths,03. Dowry Deaths,417,118,2266,1969,312,165,305,2158,157,729,1036,3005
731,Tripura,2001,Dowry Deaths,03. Dowry Deaths,13,0,94,51,7,15,35,60,23,20,29,80
732,Uttar Pradesh,2001,Dowry Deaths,03. Dowry Deaths,2296,379,6305,5619,2308,904,1223,23187,367,4604,22551,28170
733,Uttarakhand,2001,Dowry Deaths,03. Dowry Deaths,90,31,161,174,68,68,22,489,33,158,504,678
734,West Bengal,2001,Dowry Deaths,03. Dowry Deaths,293,0,725,705,63,516,420,2198,116,356,1849,2554
735,Andaman & Nicobar Islands,2002,Dowry Deaths,03. Dowry Deaths,0,0,0,0,0,0,0,1,0,0,1,1
736,Andhra Pradesh,2002,Dowry Deaths,03. Dowry Deaths,745,3,1058,957,140,479,539,2399,41,885,2330,3287
737,Arunachal Pradesh,2002,Dowry Deaths,03. Dowry Deaths,0,0,0,0,0,0,0,0,0,0,0,0
738,Assam,2002,Dowry Deaths,03. Dowry Deaths,33,0,127,77,12,94,131,229,13,45,197,274
739,Bihar,2002,Dowry Deaths,03. Dowry Deaths,666,6,2538,2401,226,1340,1061,7546,416,892,6043,8444
740,Chandigarh,2002,Dowry Deaths,03. Dowry Deaths,9,0,0,0,4,0,0,6,0,13,19,19
741,Chhattisgarh,2002,Dowry Deaths,03. Dowry Deaths,159,13,217,210,92,2,9,652,0,251,706,916
742,Dadra & Nagar Haveli,2002,Dowry Deaths,03. Dowry Deaths,0,0,0,0,0,0,0,8,0,0,8,8
743,Daman & Diu,2002,Dowry Deaths,03. Dowry Deaths,0,0,0,0,0,0,0,0,0,0,0,0
744,Delhi,2002,Dowry Deaths,03. Dowry Deaths,75,0,345,283,36,75,129,1810,8,111,1638,1921
745,Goa,2002,Dowry Deaths,03. Dowry Deaths,0,0,2,0,0,0,2,21,0,0,21,21
746,Gujarat,2002,Dowry Deaths,03. Dowry Deaths,134,7,174,170,6,13,17,1685,0,140,1662,1832
747,Haryana,2002,Dowry Deaths,03. Dowry Deaths,603,37,635,632,148,25,27,1482,1,751,1638,2270
748,Himachal Pradesh,2002,Dowry Deaths,03. Dowry Deaths,4,0,13,17,3,8,4,88,0,7,78,95
749,Jammu & Kashmir,2002,Dowry Deaths,03. Dowry Deaths,7,0,27,25,3,3,5,49,0,10,34,59
750,Jharkhand,2002,Dowry Deaths,03. Dowry Deaths,369,0,632,629,147,304,258,665,49,516,552,1181
751,Karnataka,2002,Dowry Deaths,03. Dowry Deaths,325,69,571,538,32,159,164,1680,28,357,1568,2106
752,Kerala,2002,Dowry Deaths,03. Dowry Deaths,19,1,44,31,4,29,39,260,3,23,253,284
753,Lakshadweep,2002,Dowry Deaths,03. Dowry Deaths,0,0,0,0,0,0,0,0,0,0,0,0
754,Madhya Pradesh,2002,Dowry Deaths,03. Dowry Deaths,980,49,1822,1861,593,80,41,4362,0,1573,4123,5984
755,Maharashtra,2002,Dowry Deaths,03. Dowry Deaths,745,27,1222,1296,97,237,163,7730,0,842,7303,8599
756,Manipur,2002,Dowry Deaths,03. Dowry Deaths,0,0,0,0,0,0,0,0,0,0,0,0
757,Meghalaya,2002,Dowry Deaths,03. Dowry Deaths,0,0,0,0,0,1,1,5,0,0,5,5
758,Mizoram,2002,Dowry Deaths,03. Dowry Deaths,0,0,0,0,0,0,0,0,0,0,0,0
759,Nagaland,2002,Dowry Deaths,03. Dowry Deaths,0,0,0,0,0,0,0,0,0,0,0,0
760,Odisha,2002,Dowry Deaths,03. Dowry Deaths,275,0,602,567,107,19,51,1522,3,382,1337,1904
761,Puducherry,2002,Dowry Deaths,03. Dowry Deaths,7,0,11,7,0,0,4,7,0,7,7,14
762,Punjab,2002,Dowry Deaths,03. Dowry Deaths,217,19,495,489,253,369,337,1023,38,470,1023,1512
763,Rajasthan,2002,Dowry Deaths,03. Dowry Deaths,626,7,582,580,369,11,11,2557,2,995,2979,3559
764,Sikkim,2002,Dowry Deaths,03. Dowry Deaths,0,0,0,0,0,0,0,0,0,0,0,0
765,Tamil Nadu,2002,Dowry Deaths,03. Dowry Deaths,864,0,572,681,751,305,192,1224,4,1615,2158,2839
766,Tripura,2002,Dowry Deaths,03. Dowry Deaths,8,0,13,7,14,35,32,45,9,22,60,67
767,Uttar Pradesh,2002,Dowry Deaths,03. Dowry Deaths,2962,192,5673,5844,3115,1223,740,22762,312,6077,23187,29031
768,Uttarakhand,2002,Dowry Deaths,03. Dowry Deaths,56,0,187,138,95,22,51,476,20,151,489,627
769,West Bengal,2002,Dowry Deaths,03. Dowry Deaths,614,0,784,677,60,420,470,2201,57,674,2198,2875
770,Andaman & Nicobar Islands,2003,Dowry Deaths,03. Dowry Deaths,1,0,0,0,0,0,0,0,0,1,1,1
771,Andhra Pradesh,2003,Dowry Deaths,03. Dowry Deaths,830,11,1361,1257,203,539,626,2612,17,1033,2399,3656
772,Arunachal Pradesh,2003,Dowry Deaths,03. Dowry Deaths,0,0,0,0,0,0,0,0,0,0,0,0
773,Assam,2003,Dowry Deaths,03. Dowry Deaths,39,0,113,56,16,131,160,230,28,55,229,285
774,Bihar,2003,Dowry Deaths,03. Dowry Deaths,999,33,2488,1960,298,1061,1311,8176,278,1297,7546,9506
775,Chandigarh,2003,Dowry Deaths,03. Dowry Deaths,0,0,4,4,0,0,0,10,0,0,6,10
776,Chhattisgarh,2003,Dowry Deaths,03. Dowry Deaths,168,9,224,225,39,9,8,669,0,207,660,885
777,Dadra & Nagar Haveli,2003,Dowry Deaths,03. Dowry Deaths,0,0,0,0,0,0,0,8,0,0,8,8
778,Daman & Diu,2003,Dowry Deaths,03. Dowry Deaths,0,0,0,0,0,0,0,0,0,0,0,0
779,Delhi,2003,Dowry Deaths,03. Dowry Deaths,76,0,318,237,29,129,210,1942,0,105,1810,2047
780,Goa,2003,Dowry Deaths,03. Dowry Deaths,1,0,2,4,0,2,0,24,0,1,21,25
781,Gujarat,2003,Dowry Deaths,03. Dowry Deaths,149,9,147,157,11,17,7,1673,0,160,1685,1842
782,Haryana,2003,Dowry Deaths,03. Dowry Deaths,461,0,528,543,164,27,12,1400,0,625,1482,2025
783,Himachal Pradesh,2003,Dowry Deaths,03. Dowry Deaths,23,0,15,17,0,4,2,82,0,23,88,105
784,Jammu & Kashmir,2003,Dowry Deaths,03. Dowry Deaths,20,0,20,24,0,5,1,53,0,20,49,73
785,Jharkhand,2003,Dowry Deaths,03. Dowry Deaths,205,36,578,492,142,258,324,774,20,347,665,1157
786,Karnataka,2003,Dowry Deaths,03. Dowry Deaths,364,73,487,521,54,164,91,1710,39,418,1680,2201
787,Kerala,2003,Dowry Deaths,03. Dowry Deaths,16,0,59,43,14,39,55,273,0,30,260,303
788,Lakshadweep,2003,Dowry Deaths,03. Dowry Deaths,0,0,0,0,0,0,0,0,0,0,0,0
789,Madhya Pradesh,2003,Dowry Deaths,03. Dowry Deaths,1336,2,1812,1792,632,43,63,4588,0,1968,4766,6558
790,Maharashtra,2003,Dowry Deaths,03. Dowry Deaths,1523,40,1459,1404,123,163,217,7448,1,1646,7730,9134
791,Manipur,2003,Dowry Deaths,03. Dowry Deaths,0,0,0,0,0,0,0,0,0,0,0,0
792,Meghalaya,2003,Dowry Deaths,03. Dowry Deaths,0,0,0,0,0,1,1,5,0,0,5,5
793,Mizoram,2003,Dowry Deaths,03. Dowry Deaths,0,0,0,0,0,0,0,0,0,0,0,0
794,Nagaland,2003,Dowry Deaths,03. Dowry Deaths,0,0,0,0,0,0,0,0,0,0,0,0
795,Odisha,2003,Dowry Deaths,03. Dowry Deaths,515,0,686,686,114,51,51,1579,0,629,1522,2208
796,Puducherry,2003,Dowry Deaths,03. Dowry Deaths,0,0,0,3,0,4,1,10,0,0,7,10
797,Punjab,2003,Dowry Deaths,03. Dowry Deaths,179,29,288,317,285,337,280,847,28,464,1023,1340
798,Rajasthan,2003,Dowry Deaths,03. Dowry Deaths,346,9,582,575,278,11,18,2499,0,624,2557,3132
799,Sikkim,2003,Dowry Deaths,03. Dowry Deaths,0,0,0,0,0,0,0,0,0,0,0,0
800,Tamil Nadu,2003,Dowry Deaths,03. Dowry Deaths,396,0,484,528,139,212,165,1191,3,535,1198,1726
801,Tripura,2003,Dowry Deaths,03. Dowry Deaths,9,0,41,22,9,32,42,49,9,18,45,67
802,Uttar Pradesh,2003,Dowry Deaths,03. Dowry Deaths,2263,156,3792,3734,2372,740,703,21705,95,4635,22762,26496
803,Uttarakhand,2003,Dowry Deaths,03. Dowry Deaths,32,0,234,255,70,51,17,629,13,102,476,731
804,West Bengal,2003,Dowry Deaths,03. Dowry Deaths,564,0,914,683,128,470,603,2192,98,692,2201,2884
805,Andaman & Nicobar Islands,2004,Dowry Deaths,03. Dowry Deaths,0,0,0,0,1,0,0,0,0,1,1,1
806,Andhra Pradesh,2004,Dowry Deaths,03. Dowry Deaths,891,47,1102,1123,194,626,565,2603,40,1085,2612,3735
807,Arunachal Pradesh,2004,Dowry Deaths,03. Dowry Deaths,0,0,0,0,0,0,0,0,0,0,0,0
808,Assam,2004,Dowry Deaths,03. Dowry Deaths,54,0,161,125,30,160,172,271,24,84,230,355
809,Bihar,2004,Dowry Deaths,03. Dowry Deaths,1024,28,2317,1679,171,1311,1405,8632,544,1195,8176,9855
810,Chandigarh,2004,Dowry Deaths,03. Dowry Deaths,7,0,13,9,0,0,4,12,0,7,10,19
811,Chhattisgarh,2004,Dowry Deaths,03. Dowry Deaths,142,29,220,227,83,8,1,642,0,225,669,896
812,Dadra & Nagar Haveli,2004,Dowry Deaths,03. Dowry Deaths,0,0,0,0,0,0,0,8,0,0,8,8
813,Daman & Diu,2004,Dowry Deaths,03. Dowry Deaths,0,0,0,0,0,0,0,0,0,0,0,0
814,Delhi,2004,Dowry Deaths,03. Dowry Deaths,86,0,298,327,105,210,181,2078,0,191,1942,2269
815,Goa,2004,Dowry Deaths,03. Dowry Deaths,9,0,8,0,0,0,8,15,0,9,24,24
816,Gujarat,2004,Dowry Deaths,03. Dowry Deaths,135,0,122,120,5,7,9,1653,0,140,1673,1793
817,Haryana,2004,Dowry Deaths,03. Dowry Deaths,463,0,563,535,143,12,40,1329,0,606,1400,1935
818,Himachal Pradesh,2004,Dowry Deaths,03. Dowry Deaths,15,0,25,25,2,2,2,90,0,17,82,107
819,Jammu & Kashmir,2004,Dowry Deaths,03. Dowry Deaths,20,0,24,24,2,1,1,55,0,22,53,77
820,Jharkhand,2004,Dowry Deaths,03. Dowry Deaths,205,36,578,492,142,324,390,883,20,347,774,1266
821,Karnataka,2004,Dowry Deaths,03. Dowry Deaths,484,2,553,560,77,91,66,1707,18,561,1710,2270
822,Kerala,2004,Dowry Deaths,03. Dowry Deaths,15,0,53,91,13,55,17,336,0,28,273,364
823,Lakshadweep,2004,Dowry Deaths,03. Dowry Deaths,0,0,0,0,0,0,0,0,0,0,0,0
824,Madhya Pradesh,2004,Dowry Deaths,03. Dowry Deaths,1270,8,2257,2255,668,63,65,4897,0,1938,4588,6843
825,Maharashtra,2004,Dowry Deaths,03. Dowry Deaths,846,1,1235,1270,99,217,182,7772,0,945,7448,8718
826,Manipur,2004,Dowry Deaths,03. Dowry Deaths,0,0,0,0,0,0,0,0,0,0,0,0
827,Meghalaya,2004,Dowry Deaths,03. Dowry Deaths,0,0,3,1,0,1,3,6,0,0,5,6
828,Mizoram,2004,Dowry Deaths,03. Dowry Deaths,0,0,0,0,0,0,0,0,0,0,0,0
829,Nagaland,2004,Dowry Deaths,03. Dowry Deaths,0,0,0,0,0,0,0,0,0,0,0,0
830,Odisha,2004,Dowry Deaths,03. Dowry Deaths,489,0,932,849,121,51,134,1818,0,610,1579,2428
831,Puducherry,2004,Dowry Deaths,03. Dowry Deaths,1,0,9,5,0,1,5,14,0,1,10,15
832,Punjab,2004,Dowry Deaths,03. Dowry Deaths,150,7,345,338,141,280,265,887,22,291,847,1185
833,Rajasthan,2004,Dowry Deaths,03. Dowry Deaths,340,15,680,689,270,18,9,2563,0,610,2499,3188
834,Sikkim,2004,Dowry Deaths,03. Dowry Deaths,0,0,0,0,0,0,0,0,0,0,0,0
835,Tamil Nadu,2004,Dowry Deaths,03. Dowry Deaths,340,2,514,545,116,165,134,1278,0,456,1191,1736
836,Tripura,2004,Dowry Deaths,03. Dowry Deaths,17,0,28,33,2,42,26,63,11,19,49,82
837,Uttar Pradesh,2004,Dowry Deaths,03. Dowry Deaths,2271,237,4836,4480,2262,703,807,21415,252,4533,21705,26185
838,Uttarakhand,2004,Dowry Deaths,03. Dowry Deaths,46,0,267,204,119,17,50,668,30,165,629,833
839,West Bengal,2004,Dowry Deaths,03. Dowry Deaths,583,0,976,802,69,603,629,2342,148,652,2192,2994
840,Andaman & Nicobar Islands,2005,Dowry Deaths,03. Dowry Deaths,0,0,0,0,0,0,0,0,0,0,0,0
841,Andhra Pradesh,2005,Dowry Deaths,03. Dowry Deaths,1033,11,1280,1329,202,565,479,2686,37,1235,2603,3932
842,Arunachal Pradesh,2005,Dowry Deaths,03. Dowry Deaths,0,0,0,0,0,0,0,0,0,0,0,0
843,Assam,2005,Dowry Deaths,03. Dowry Deaths,53,0,174,99,31,172,231,286,16,84,271,370
844,Bihar,2005,Dowry Deaths,03. Dowry Deaths,1136,12,2323,2162,223,1405,1412,9423,154,1359,8632,10794
845,Chandigarh,2005,Dowry Deaths,03. Dowry Deaths,12,0,6,9,0,4,1,9,0,12,12,21
846,Chhattisgarh,2005,Dowry Deaths,03. Dowry Deaths,150,38,296,289,60,1,8,683,0,210,642,931
847,Dadra & Nagar Haveli,2005,Dowry Deaths,03. Dowry Deaths,5,0,0,0,0,0,0,3,0,5,8,8
848,Daman & Diu,2005,Dowry Deaths,03. Dowry Deaths,0,0,0,0,0,0,0,0,0,0,0,0
849,Delhi,2005,Dowry Deaths,03. Dowry Deaths,186,0,267,227,158,181,216,1961,5,344,2078,2305
850,Goa,2005,Dowry Deaths,03. Dowry Deaths,4,0,2,9,0,8,1,20,0,4,15,24
851,Gujarat,2005,Dowry Deaths,03. Dowry Deaths,130,0,136,139,16,9,6,1646,0,146,1653,1792
852,Haryana,2005,Dowry Deaths,03. Dowry Deaths,484,0,481,502,141,40,19,1206,0,625,1329,1831
853,Himachal Pradesh,2005,Dowry Deaths,03. Dowry Deaths,11,0,6,3,1,2,5,81,0,12,90,93
854,Jammu & Kashmir,2005,Dowry Deaths,03. Dowry Deaths,2,0,26,23,1,1,3,75,1,3,55,78
855,Jharkhand,2005,Dowry Deaths,03. Dowry Deaths,425,58,503,421,118,390,396,703,76,543,883,1304
856,Karnataka,2005,Dowry Deaths,03. Dowry Deaths,614,0,578,538,129,66,92,1502,14,743,1707,2245
857,Kerala,2005,Dowry Deaths,03. Dowry Deaths,38,4,31,19,18,17,29,295,0,56,336,355
858,Lakshadweep,2005,Dowry Deaths,03. Dowry Deaths,0,0,0,0,0,0,0,0,0,0,0,0
859,Madhya Pradesh,2005,Dowry Deaths,03. Dowry Deaths,1536,21,1992,2023,716,65,34,4647,0,2252,4897,6920
860,Maharashtra,2005,Dowry Deaths,03. Dowry Deaths,792,2,1379,1315,72,182,246,8221,0,864,7772,9087
861,Manipur,2005,Dowry Deaths,03. Dowry Deaths,0,0,0,0,0,0,0,0,0,0,0,0
862,Meghalaya,2005,Dowry Deaths,03. Dowry Deaths,0,0,1,0,0,3,3,6,1,0,6,6
863,Mizoram,2005,Dowry Deaths,03. Dowry Deaths,0,0,0,0,0,0,0,0,0,0,0,0
864,Nagaland,2005,Dowry Deaths,03. Dowry Deaths,0,0,0,0,0,0,0,0,0,0,0,0
865,Odisha,2005,Dowry Deaths,03. Dowry Deaths,445,0,708,714,72,134,128,2015,0,517,1818,2532
866,Puducherry,2005,Dowry Deaths,03. Dowry Deaths,0,0,4,5,0,5,4,19,0,0,14,19
867,Punjab,2005,Dowry Deaths,03. Dowry Deaths,85,7,246,248,89,265,252,954,11,174,887,1135
868,Rajasthan,2005,Dowry Deaths,03. Dowry Deaths,297,22,560,559,256,9,9,2547,1,553,2563,3122
869,Sikkim,2005,Dowry Deaths,03. Dowry Deaths,0,0,0,0,0,0,0,0,0,0,0,0
870,Tamil Nadu,2005,Dowry Deaths,03. Dowry Deaths,388,0,492,507,152,134,119,1245,0,540,1278,1785
871,Tripura,2005,Dowry Deaths,03. Dowry Deaths,20,0,43,35,4,26,19,74,15,24,63,98
872,Uttar Pradesh,2005,Dowry Deaths,03. Dowry Deaths,1951,272,4523,4233,1900,807,910,21525,187,3851,21415,25648
873,Uttarakhand,2005,Dowry Deaths,03. Dowry Deaths,84,0,160,135,43,50,48,676,27,127,668,803
874,West Bengal,2005,Dowry Deaths,03. Dowry Deaths,564,0,956,805,173,629,658,2410,122,737,2342,3147
875,Andaman & Nicobar Islands,2006,Dowry Deaths,03. Dowry Deaths,0,0,0,0,0,0,0,0,0,0,0,0
876,Andhra Pradesh,2006,Dowry Deaths,03. Dowry Deaths,1100,16,1274,1062,248,479,635,2384,56,1348,2686,3748
877,Arunachal Pradesh,2006,Dowry Deaths,03. Dowry Deaths,0,0,0,0,0,0,0,0,0,0,0,0
878,Assam,2006,Dowry Deaths,03. Dowry Deaths,45,0,201,144,33,231,248,352,40,78,286,430
879,Bihar,2006,Dowry Deaths,03. Dowry Deaths,1568,4,2674,2255,355,1412,1666,9751,165,1923,9423,11678
880,Chandigarh,2006,Dowry Deaths,03. Dowry Deaths,7,0,30,24,0,1,7,26,0,7,9,33
881,Chhattisgarh,2006,Dowry Deaths,03. Dowry Deaths,184,3,273,267,69,8,14,694,0,253,683,950
882,Dadra & Nagar Haveli,2006,Dowry Deaths,03. Dowry Deaths,0,0,1,0,0,0,1,3,0,0,3,3
883,Daman & Diu,2006,Dowry Deaths,03. Dowry Deaths,0,0,1,1,0,0,0,1,0,0,0,1
884,Delhi,2006,Dowry Deaths,03. Dowry Deaths,103,0,320,309,192,216,221,1975,6,295,1961,2270
885,Goa,2006,Dowry Deaths,03. Dowry Deaths,8,0,0,1,0,1,0,13,0,8,20,21
886,Gujarat,2006,Dowry Deaths,03. Dowry Deaths,105,0,150,133,5,6,23,1669,0,110,1646,1779
887,Haryana,2006,Dowry Deaths,03. Dowry Deaths,340,7,533,514,169,19,38,1204,0,509,1206,1720
888,Himachal Pradesh,2006,Dowry Deaths,03. Dowry Deaths,12,0,12,13,1,5,4,81,0,13,81,94
889,Jammu & Kashmir,2006,Dowry Deaths,03. Dowry Deaths,4,0,12,13,0,3,1,84,1,4,75,88
890,Jharkhand,2006,Dowry Deaths,03. Dowry Deaths,424,70,557,474,140,396,453,543,26,564,703,1177
891,Karnataka,2006,Dowry Deaths,03. Dowry Deaths,541,3,587,521,81,92,150,1398,8,622,1502,2023
892,Kerala,2006,Dowry Deaths,03. Dowry Deaths,42,0,39,37,13,29,31,277,0,55,295,332
893,Lakshadweep,2006,Dowry Deaths,03. Dowry Deaths,0,0,0,0,0,0,0,0,0,0,0,0
894,Madhya Pradesh,2006,Dowry Deaths,03. Dowry Deaths,1042,18,2203,2187,663,34,50,5111,0,1705,4647,6834
895,Maharashtra,2006,Dowry Deaths,03. Dowry Deaths,760,0,1348,1266,76,246,328,8651,0,836,8221,9487
896,Manipur,2006,Dowry Deaths,03. Dowry Deaths,0,0,0,0,0,0,0,0,0,0,0,0
897,Meghalaya,2006,Dowry Deaths,03. Dowry Deaths,0,0,0,2,0,3,1,8,0,0,6,8
898,Mizoram,2006,Dowry Deaths,03. Dowry Deaths,0,0,0,0,0,0,0,0,0,0,0,0
899,Nagaland,2006,Dowry Deaths,03. Dowry Deaths,0,0,0,0,0,0,0,0,0,0,0,0
900,Odisha,2006,Dowry Deaths,03. Dowry Deaths,424,0,969,990,123,128,107,2458,0,547,2015,3005
901,Puducherry,2006,Dowry Deaths,03. Dowry Deaths,4,0,7,9,6,4,2,18,0,10,19,28
902,Punjab,2006,Dowry Deaths,03. Dowry Deaths,114,0,331,259,106,252,318,993,6,220,954,1213
903,Rajasthan,2006,Dowry Deaths,03. Dowry Deaths,430,36,665,672,357,9,2,2396,0,787,2547,3219
904,Sikkim,2006,Dowry Deaths,03. Dowry Deaths,0,0,0,0,0,0,0,0,0,0,0,0
905,Tamil Nadu,2006,Dowry Deaths,03. Dowry Deaths,446,0,457,403,98,119,172,1104,1,544,1245,1648
906,Tripura,2006,Dowry Deaths,03. Dowry Deaths,4,0,25,11,8,19,16,73,17,12,74,85
907,Uttar Pradesh,2006,Dowry Deaths,03. Dowry Deaths,2155,191,5280,4944,2206,910,897,21917,349,4361,21525,26469
908,Uttarakhand,2006,Dowry Deaths,03. Dowry Deaths,103,18,227,187,66,48,73,676,15,169,676,863
909,West Bengal,2006,Dowry Deaths,03. Dowry Deaths,437,0,1058,1039,129,658,622,2883,55,566,2410,3449
910,Andaman & Nicobar Islands,2007,Dowry Deaths,03. Dowry Deaths,0,0,2,0,0,0,2,0,0,0,0,0
911,Andhra Pradesh,2007,Dowry Deaths,03. Dowry Deaths,860,2,1562,1450,252,635,733,2720,14,1112,2384,3834
912,Arunachal Pradesh,2007,Dowry Deaths,03. Dowry Deaths,0,0,0,0,0,0,0,0,0,0,0,0
913,Assam,2007,Dowry Deaths,03. Dowry Deaths,64,2,172,139,29,248,252,396,29,93,352,491
914,Bihar,2007,Dowry Deaths,03. Dowry Deaths,1438,15,3265,2512,375,1666,2239,10435,180,1813,9751,12263
915,Chandigarh,2007,Dowry Deaths,03. Dowry Deaths,4,0,3,7,8,7,3,21,0,12,26,33
916,Chhattisgarh,2007,Dowry Deaths,03. Dowry Deaths,129,3,247,241,131,14,20,672,0,260,694,935
917,Dadra & Nagar Haveli,2007,Dowry Deaths,03. Dowry Deaths,0,0,0,0,0,1,1,3,0,0,3,3
918,Daman & Diu,2007,Dowry Deaths,03. Dowry Deaths,0,0,3,3,0,0,0,4,0,0,1,4
919,Delhi,2007,Dowry Deaths,03. Dowry Deaths,122,0,313,272,211,221,258,1914,4,333,1975,2247
920,Goa,2007,Dowry Deaths,03. Dowry Deaths,0,0,8,0,0,0,8,13,0,0,13,13
921,Gujarat,2007,Dowry Deaths,03. Dowry Deaths,141,7,121,139,11,23,5,1649,0,152,1669,1808
922,Haryana,2007,Dowry Deaths,03. Dowry Deaths,393,7,572,581,160,38,29,1225,0,553,1204,1785
923,Himachal Pradesh,2007,Dowry Deaths,03. Dowry Deaths,11,0,31,29,3,4,6,96,0,14,81,110
924,Jammu & Kashmir,2007,Dowry Deaths,03. Dowry Deaths,24,0,21,21,0,1,1,81,0,24,84,105
925,Jharkhand,2007,Dowry Deaths,03. Dowry Deaths,364,11,559,518,131,453,426,555,68,495,543,1061
926,Karnataka,2007,Dowry Deaths,03. Dowry Deaths,473,12,582,620,66,150,110,1467,2,539,1398,2018
927,Kerala,2007,Dowry Deaths,03. Dowry Deaths,41,0,40,52,8,31,19,280,0,49,277,329
928,Lakshadweep,2007,Dowry Deaths,03. Dowry Deaths,0,0,0,0,0,0,0,0,0,0,0,0
929,Madhya Pradesh,2007,Dowry Deaths,03. Dowry Deaths,1362,24,2127,2120,727,50,57,5118,0,2089,5111,7231
930,Maharashtra,2007,Dowry Deaths,03. Dowry Deaths,852,3,1349,1286,89,328,388,8993,3,941,8651,9937
931,Manipur,2007,Dowry Deaths,03. Dowry Deaths,0,0,0,0,0,0,0,0,0,0,0,0
932,Meghalaya,2007,Dowry Deaths,03. Dowry Deaths,0,0,4,1,0,1,4,9,0,0,8,9
933,Mizoram,2007,Dowry Deaths,03. Dowry Deaths,0,0,0,0,0,0,0,0,0,0,0,0
934,Nagaland,2007,Dowry Deaths,03. Dowry Deaths,0,0,0,0,0,0,0,0,0,0,0,0
935,Odisha,2007,Dowry Deaths,03. Dowry Deaths,579,0,958,866,175,107,185,2570,14,754,2458,3324
936,Puducherry,2007,Dowry Deaths,03. Dowry Deaths,4,0,8,7,3,2,3,18,0,7,18,25
937,Punjab,2007,Dowry Deaths,03. Dowry Deaths,191,0,316,291,141,318,325,952,18,332,993,1284
938,Rajasthan,2007,Dowry Deaths,03. Dowry Deaths,248,8,683,674,215,2,11,2599,0,463,2396,3070
939,Sikkim,2007,Dowry Deaths,03. Dowry Deaths,0,0,0,0,0,0,0,0,0,0,0,0
940,Tamil Nadu,2007,Dowry Deaths,03. Dowry Deaths,313,0,503,457,117,172,218,1131,0,430,1104,1561
941,Tripura,2007,Dowry Deaths,03. Dowry Deaths,28,0,42,40,23,16,17,62,1,51,73,113
942,Uttar Pradesh,2007,Dowry Deaths,03. Dowry Deaths,2628,188,7310,6018,2551,897,907,22568,1282,5179,21917,27935
943,Uttarakhand,2007,Dowry Deaths,03. Dowry Deaths,91,0,244,225,81,73,70,729,22,172,676,901
944,West Bengal,2007,Dowry Deaths,03. Dowry Deaths,876,13,1068,1148,73,622,495,3069,47,949,2883,4031
945,Andaman & Nicobar Islands,2008,Dowry Deaths,03. Dowry Deaths,0,0,3,3,0,2,2,3,0,0,0,3
946,Andhra Pradesh,2008,Dowry Deaths,03. Dowry Deaths,903,4,1585,1619,179,733,661,3253,38,1082,2720,4339
947,Arunachal Pradesh,2008,Dowry Deaths,03. Dowry Deaths,0,0,0,0,0,0,0,0,0,0,0,0
948,Assam,2008,Dowry Deaths,03. Dowry Deaths,70,0,159,143,32,252,257,437,11,102,396,539
949,Bihar,2008,Dowry Deaths,03. Dowry Deaths,1644,15,2605,2561,381,2239,2245,10956,38,2025,10435,12996
950,Chandigarh,2008,Dowry Deaths,03. Dowry Deaths,5,0,7,7,1,3,3,22,0,6,21,28
951,Chhattisgarh,2008,Dowry Deaths,03. Dowry Deaths,149,0,254,250,89,20,23,684,1,238,672,922
952,Dadra & Nagar Haveli,2008,Dowry Deaths,03. Dowry Deaths,0,0,0,0,0,1,1,3,0,0,3,3
953,Daman & Diu,2008,Dowry Deaths,03. Dowry Deaths,4,0,0,0,0,0,0,0,0,4,4,4
954,Delhi,2008,Dowry Deaths,03. Dowry Deaths,56,0,230,297,75,258,191,2080,0,131,1914,2211
955,Goa,2008,Dowry Deaths,03. Dowry Deaths,0,0,2,10,0,8,0,23,0,0,13,23
956,Gujarat,2008,Dowry Deaths,03. Dowry Deaths,64,3,79,76,1,5,8,1657,0,65,1649,1725
957,Haryana,2008,Dowry Deaths,03. Dowry Deaths,392,15,622,603,169,29,48,1252,0,561,1225,1828
958,Himachal Pradesh,2008,Dowry Deaths,03. Dowry Deaths,20,0,8,12,7,6,2,81,0,27,96,108
959,Jammu & Kashmir,2008,Dowry Deaths,03. Dowry Deaths,3,0,25,24,0,1,2,102,0,3,81,105
960,Jharkhand,2008,Dowry Deaths,03. Dowry Deaths,231,23,570,538,96,426,438,743,20,327,555,1093
961,Karnataka,2008,Dowry Deaths,03. Dowry Deaths,377,4,698,669,66,110,133,1689,6,443,1467,2136
962,Kerala,2008,Dowry Deaths,03. Dowry Deaths,10,0,35,25,3,19,29,292,0,13,280,305
963,Lakshadweep,2008,Dowry Deaths,03. Dowry Deaths,0,0,0,0,0,0,0,0,0,0,0,0
964,Madhya Pradesh,2008,Dowry Deaths,03. Dowry Deaths,1203,12,2302,2292,765,57,67,5430,0,1968,5118,7410
965,Maharashtra,2008,Dowry Deaths,03. Dowry Deaths,811,2,1464,1408,73,388,438,9515,6,884,8993,10401
966,Manipur,2008,Dowry Deaths,03. Dowry Deaths,0,0,1,0,0,0,1,0,0,0,0,0
967,Meghalaya,2008,Dowry Deaths,03. Dowry Deaths,0,0,2,3,0,4,1,12,2,0,9,12
968,Mizoram,2008,Dowry Deaths,03. Dowry Deaths,0,0,0,0,0,0,0,0,0,0,0,0
969,Nagaland,2008,Dowry Deaths,03. Dowry Deaths,0,0,0,0,0,0,0,0,0,0,0,0
970,Odisha,2008,Dowry Deaths,03. Dowry Deaths,566,0,733,693,93,185,225,2604,0,659,2570,3263
971,Puducherry,2008,Dowry Deaths,03. Dowry Deaths,0,0,1,0,0,3,4,18,0,0,18,18
972,Punjab,2008,Dowry Deaths,03. Dowry Deaths,137,0,286,224,108,325,367,931,20,245,952,1176
973,Rajasthan,2008,Dowry Deaths,03. Dowry Deaths,304,15,643,643,234,11,11,2689,0,538,2599,3242
974,Sikkim,2008,Dowry Deaths,03. Dowry Deaths,0,0,0,0,0,0,0,0,0,0,0,0
975,Tamil Nadu,2008,Dowry Deaths,03. Dowry Deaths,349,0,488,433,114,218,271,1101,2,463,1131,1564
976,Tripura,2008,Dowry Deaths,03. Dowry Deaths,18,0,31,27,5,17,12,66,9,23,62,89
977,Uttar Pradesh,2008,Dowry Deaths,03. Dowry Deaths,2907,200,8541,6439,3142,907,1177,22758,1832,6049,22568,29007
978,Uttarakhand,2008,Dowry Deaths,03. Dowry Deaths,140,0,168,164,101,70,25,652,49,241,729,893
979,West Bengal,2008,Dowry Deaths,03. Dowry Deaths,876,0,1082,943,80,495,609,3056,25,956,3069,4012
980,Andaman & Nicobar Islands,2009,Dowry Deaths,03. Dowry Deaths,0,0,0,1,0,2,1,4,0,0,3,4
981,Andhra Pradesh,2009,Dowry Deaths,03. Dowry Deaths,1200,11,1220,1270,284,661,592,3028,19,1484,3253,4523
982,Arunachal Pradesh,2009,Dowry Deaths,03. Dowry Deaths,0,0,0,0,0,0,0,0,0,0,0,0
983,Assam,2009,Dowry Deaths,03. Dowry Deaths,71,0,297,181,51,257,324,496,49,122,437,618
984,Bihar,2009,Dowry Deaths,03. Dowry Deaths,1635,0,2908,2166,433,2245,2968,11054,19,2068,10956,13122
985,Chandigarh,2009,Dowry Deaths,03. Dowry Deaths,2,0,3,6,6,3,0,20,0,8,22,28
986,Chhattisgarh,2009,Dowry Deaths,03. Dowry Deaths,164,19,353,354,78,23,20,777,2,242,684,1038
987,Dadra & Nagar Haveli,2009,Dowry Deaths,03. Dowry Deaths,0,0,0,0,0,1,1,3,0,0,3,3
988,Daman & Diu,2009,Dowry Deaths,03. Dowry Deaths,0,0,0,0,0,0,0,0,0,0,0,0
989,Delhi,2009,Dowry Deaths,03. Dowry Deaths,104,0,242,255,64,191,176,2167,2,168,2080,2335
990,Goa,2009,Dowry Deaths,03. Dowry Deaths,2,0,3,2,0,0,1,23,0,2,23,25
991,Gujarat,2009,Dowry Deaths,03. Dowry Deaths,55,1,53,55,0,8,6,1656,0,55,1657,1712
992,Haryana,2009,Dowry Deaths,03. Dowry Deaths,407,18,633,635,142,48,46,1320,0,549,1252,1887
993,Himachal Pradesh,2009,Dowry Deaths,03. Dowry Deaths,2,0,3,5,5,2,0,79,0,7,81,86
994,Jammu & Kashmir,2009,Dowry Deaths,03. Dowry Deaths,10,0,46,45,1,2,3,136,0,11,102,147
995,Jharkhand,2009,Dowry Deaths,03. Dowry Deaths,190,2,562,541,167,438,450,925,9,357,743,1284
996,Karnataka,2009,Dowry Deaths,03. Dowry Deaths,376,6,666,537,33,133,254,1811,8,409,1689,2226
997,Kerala,2009,Dowry Deaths,03. Dowry Deaths,33,0,32,33,3,29,28,289,0,36,292,325
998,Lakshadweep,2009,Dowry Deaths,03. Dowry Deaths,0,0,0,0,0,0,0,0,0,0,0,0
999,Madhya Pradesh,2009,Dowry Deaths,03. Dowry Deaths,1148,27,2474,2473,621,67,63,6107,5,1769,5430,7903
1000,Maharashtra,2009,Dowry Deaths,03. Dowry Deaths,713,12,1233,1205,83,438,462,9912,4,796,9515,10720
1001,Manipur,2009,Dowry Deaths,03. Dowry Deaths,0,0,0,0,0,1,1,0,0,0,0,0
1002,Meghalaya,2009,Dowry Deaths,03. Dowry Deaths,0,0,0,0,0,1,1,12,0,0,12,12
1003,Mizoram,2009,Dowry Deaths,03. Dowry Deaths,0,0,0,0,0,0,0,0,0,0,0,0
1004,Nagaland,2009,Dowry Deaths,03. Dowry Deaths,0,0,0,0,0,0,0,0,0,0,0,0
1005,Odisha,2009,Dowry Deaths,03. Dowry Deaths,663,0,857,850,81,225,232,2710,0,744,2604,3454
1006,Puducherry,2009,Dowry Deaths,03. Dowry Deaths,0,0,0,4,4,4,0,18,0,4,18,22
1007,Punjab,2009,Dowry Deaths,03. Dowry Deaths,142,3,323,248,154,367,439,880,3,296,931,1179
1008,Rajasthan,2009,Dowry Deaths,03. Dowry Deaths,290,46,553,550,188,11,14,2715,0,478,2689,3239
1009,Sikkim,2009,Dowry Deaths,03. Dowry Deaths,0,0,0,0,0,0,0,0,0,0,0,0
1010,Tamil Nadu,2009,Dowry Deaths,03. Dowry Deaths,344,0,430,479,113,271,222,1123,0,457,1101,1580
1011,Tripura,2009,Dowry Deaths,03. Dowry Deaths,37,0,60,57,14,12,15,72,0,51,66,123
1012,Uttar Pradesh,2009,Dowry Deaths,03. Dowry Deaths,3086,120,9203,6518,3245,1177,1232,22825,2630,6331,22758,29276
1013,Uttarakhand,2009,Dowry Deaths,03. Dowry Deaths,127,0,218,194,87,25,32,632,17,214,652,846
1014,West Bengal,2009,Dowry Deaths,03. Dowry Deaths,858,0,1002,825,92,609,738,2931,48,950,3056,3881
1015,Andaman & Nicobar Islands,2010,Dowry Deaths,03. Dowry Deaths,0,0,0,0,0,1,1,4,0,0,4,4
1016,Andhra Pradesh,2010,Dowry Deaths,03. Dowry Deaths,1282,94,1322,1383,230,592,510,2805,21,1512,3028,4411
1017,Arunachal Pradesh,2010,Dowry Deaths,03. Dowry Deaths,0,0,0,0,0,0,0,0,0,0,0,0
1018,Assam,2010,Dowry Deaths,03. Dowry Deaths,97,0,263,192,24,324,360,567,35,121,496,688
1019,Bihar,2010,Dowry Deaths,03. Dowry Deaths,1242,21,2508,2658,351,2968,2729,12098,89,1593,11054,13712
1020,Chandigarh,2010,Dowry Deaths,03. Dowry Deaths,11,0,10,10,5,0,0,14,0,16,20,30
1021,Chhattisgarh,2010,Dowry Deaths,03. Dowry Deaths,155,0,277,261,81,20,24,802,12,236,777,1038
1022,Dadra & Nagar Haveli,2010,Dowry Deaths,03. Dowry Deaths,0,0,0,0,0,1,1,3,0,0,3,3
1023,Daman & Diu,2010,Dowry Deaths,03. Dowry Deaths,1,0,0,0,0,0,0,0,0,1,1,1
1024,Delhi,2010,Dowry Deaths,03. Dowry Deaths,151,0,209,199,68,176,181,2147,5,219,2167,2366
1025,Goa,2010,Dowry Deaths,03. Dowry Deaths,2,0,5,0,1,1,6,20,0,3,23,23
1026,Gujarat,2010,Dowry Deaths,03. Dowry Deaths,15,0,28,34,4,6,0,1671,0,19,1656,1690
1027,Haryana,2010,Dowry Deaths,03. Dowry Deaths,365,11,589,590,223,46,45,1311,0,588,1320,1910
1028,Himachal Pradesh,2010,Dowry Deaths,03. Dowry Deaths,3,0,4,4,0,0,0,80,0,3,79,83
1029,Jammu & Kashmir,2010,Dowry Deaths,03. Dowry Deaths,17,0,26,24,0,3,5,143,0,17,136,160
1030,Jharkhand,2010,Dowry Deaths,03. Dowry Deaths,344,19,567,585,186,450,432,961,0,530,925,1510
1031,Karnataka,2010,Dowry Deaths,03. Dowry Deaths,566,25,621,717,62,254,152,1875,6,628,1811,2528
1032,Kerala,2010,Dowry Deaths,03. Dowry Deaths,22,0,34,47,2,28,13,312,2,24,289,336
1033,Lakshadweep,2010,Dowry Deaths,03. Dowry Deaths,0,0,0,0,0,0,0,0,0,0,0,0
1034,Madhya Pradesh,2010,Dowry Deaths,03. Dowry Deaths,1401,14,2564,2574,656,63,53,6610,0,2057,6107,8681
1035,Maharashtra,2010,Dowry Deaths,03. Dowry Deaths,971,3,1438,1377,63,462,520,10252,3,1034,9912,11289
1036,Manipur,2010,Dowry Deaths,03. Dowry Deaths,0,0,0,0,0,1,1,0,0,0,0,0
1037,Meghalaya,2010,Dowry Deaths,03. Dowry Deaths,0,0,0,0,0,1,1,12,0,0,12,12
1038,Mizoram,2010,Dowry Deaths,03. Dowry Deaths,0,0,0,0,0,0,0,0,0,0,0,0
1039,Nagaland,2010,Dowry Deaths,03. Dowry Deaths,0,0,0,0,0,0,0,0,0,0,0,0
1040,Odisha,2010,Dowry Deaths,03. Dowry Deaths,802,0,988,1048,131,232,172,2825,0,933,2710,3758
1041,Puducherry,2010,Dowry Deaths,03. Dowry Deaths,2,0,4,1,0,0,3,17,0,2,18,19
1042,Punjab,2010,Dowry Deaths,03. Dowry Deaths,155,0,288,292,138,384,359,762,21,293,763,1055
1043,Rajasthan,2010,Dowry Deaths,03. Dowry Deaths,271,32,616,610,183,14,20,2839,0,454,2715,3325
1044,Sikkim,2010,Dowry Deaths,03. Dowry Deaths,0,0,2,0,0,0,2,0,0,0,0,0
1045,Tamil Nadu,2010,Dowry Deaths,03. Dowry Deaths,348,0,313,300,102,222,235,973,0,450,1123,1423
1046,Tripura,2010,Dowry Deaths,03. Dowry Deaths,43,0,62,56,6,15,19,79,2,49,72,128
1047,Uttar Pradesh,2010,Dowry Deaths,03. Dowry Deaths,2897,127,9250,5958,3828,1232,1257,21931,3267,6725,22825,28783
1048,Uttarakhand,2010,Dowry Deaths,03. Dowry Deaths,156,0,168,163,104,32,22,535,15,260,632,795
1049,West Bengal,2010,Dowry Deaths,03. Dowry Deaths,844,9,1124,1101,55,738,711,3124,50,899,2931,4032
1050,Andaman & Nicobar Islands,2001,Molestation,04. Molestation,2,0,19,27,0,12,4,97,0,2,72,99
1051,Andhra Pradesh,2001,Molestation,04. Molestation,2029,934,3639,3273,544,933,1111,5177,188,2573,5411,8684
1052,Arunachal Pradesh,2001,Molestation,04. Molestation,9,9,95,69,32,21,21,162,26,41,143,212
1053,Assam,2001,Molestation,04. Molestation,478,71,1161,735,87,439,564,1726,301,565,1627,2362
1054,Bihar,2001,Molestation,04. Molestation,373,27,982,802,152,264,364,1704,80,525,1454,2256
1055,Chandigarh,2001,Molestation,04. Molestation,19,0,33,34,21,4,3,75,0,40,81,115
1056,Chhattisgarh,2001,Molestation,04. Molestation,387,473,2106,2127,432,29,8,7991,0,819,7156,9283
1057,Dadra & Nagar Haveli,2001,Molestation,04. Molestation,6,0,7,9,0,3,1,14,0,6,11,20
1058,Daman & Diu,2001,Molestation,04. Molestation,0,0,0,0,0,0,0,0,0,0,0,0
1059,Delhi,2001,Molestation,04. Molestation,206,0,650,547,178,182,237,1667,48,384,1504,2051
1060,Goa,2001,Molestation,04. Molestation,40,6,15,22,9,12,5,61,0,49,94,116
1061,Gujarat,2001,Molestation,04. Molestation,745,146,1033,1055,41,53,31,6998,0,786,6875,7930
1062,Haryana,2001,Molestation,04. Molestation,581,2,567,580,170,22,9,2590,0,751,2763,3343
1063,Himachal Pradesh,2001,Molestation,04. Molestation,258,179,431,432,35,32,26,1419,5,293,1459,1891
1064,Jammu & Kashmir,2001,Molestation,04. Molestation,470,108,1034,1028,27,6,3,5236,9,497,4813,5841
1065,Jharkhand,2001,Molestation,04. Molestation,155,36,384,367,34,466,423,1448,60,189,1306,1673
1066,Karnataka,2001,Molestation,04. Molestation,1579,691,2401,2342,76,226,194,3782,91,1655,3786,6128
1067,Kerala,2001,Molestation,04. Molestation,894,510,2317,2278,80,229,241,6544,27,974,5750,8028
1068,Lakshadweep,2001,Molestation,04. Molestation,0,0,0,0,0,0,0,0,0,0,0,0
1069,Madhya Pradesh,2001,Molestation,04. Molestation,2861,2904,8196,8102,1576,47,83,24188,58,4437,23427,31529
1070,Maharashtra,2001,Molestation,04. Molestation,1523,812,3385,3376,189,285,288,22508,6,1712,21656,25032
1071,Manipur,2001,Molestation,04. Molestation,0,0,12,1,1,4,4,6,11,1,6,7
1072,Meghalaya,2001,Molestation,04. Molestation,10,0,13,15,2,6,4,112,0,12,109,124
1073,Mizoram,2001,Molestation,04. Molestation,17,4,58,62,45,16,11,61,1,62,65,127
1074,Nagaland,2001,Molestation,04. Molestation,0,1,0,1,0,3,2,4,0,0,4,5
1075,Odisha,2001,Molestation,04. Molestation,1370,12,2278,2247,189,33,44,10567,20,1559,9891,12138
1076,Puducherry,2001,Molestation,04. Molestation,22,22,66,58,11,0,8,69,0,33,66,124
1077,Punjab,2001,Molestation,04. Molestation,61,7,462,251,46,293,471,620,33,107,483,734
1078,Rajasthan,2001,Molestation,04. Molestation,1032,758,3282,3282,1124,0,0,11965,0,2156,11597,14879
1079,Sikkim,2001,Molestation,04. Molestation,0,0,0,0,0,0,0,0,0,0,0,0
1080,Tamil Nadu,2001,Molestation,04. Molestation,1319,9,2283,2262,1037,389,318,4798,92,2356,4901,7163
1081,Tripura,2001,Molestation,04. Molestation,39,0,62,49,6,38,24,66,27,45,62,111
1082,Uttar Pradesh,2001,Molestation,04. Molestation,1172,175,3960,3834,1776,223,258,9900,91,2948,9189,13023
1083,Uttarakhand,2001,Molestation,04. Molestation,37,24,150,140,71,7,8,322,9,108,314,454
1084,West Bengal,2001,Molestation,04. Molestation,456,0,1163,929,85,824,824,4877,234,541,4489,5418
1085,Andaman & Nicobar Islands,2002,Molestation,04. Molestation,7,0,17,16,3,4,4,103,1,10,97,113
1086,Andhra Pradesh,2002,Molestation,04. Molestation,1821,986,4055,3792,470,1111,1113,5692,261,2291,5177,8969
1087,Arunachal Pradesh,2002,Molestation,04. Molestation,4,7,80,75,14,21,18,212,8,18,162,237
1088,Assam,2002,Molestation,04. Molestation,478,68,1372,981,122,564,717,2039,238,600,1726,2707
1089,Bihar,2002,Molestation,04. Molestation,281,25,997,927,76,364,240,2249,194,357,1704,2631
1090,Chandigarh,2002,Molestation,04. Molestation,27,0,39,36,12,3,2,72,4,39,75,111
1091,Chhattisgarh,2002,Molestation,04. Molestation,1039,506,1728,1650,843,8,86,7253,0,1882,7991,9641
1092,Dadra & Nagar Haveli,2002,Molestation,04. Molestation,4,0,2,3,0,1,0,13,0,4,14,17
1093,Daman & Diu,2002,Molestation,04. Molestation,0,0,0,0,0,0,0,0,0,0,0,0
1094,Delhi,2002,Molestation,04. Molestation,113,0,634,570,65,237,288,2059,13,178,1667,2237
1095,Goa,2002,Molestation,04. Molestation,16,3,24,21,7,5,7,56,1,23,61,82
1096,Gujarat,2002,Molestation,04. Molestation,551,122,1015,1029,38,31,17,7316,0,589,6998,8027
1097,Haryana,2002,Molestation,04. Molestation,638,13,603,605,110,9,7,2434,0,748,2590,3195
1098,Himachal Pradesh,2002,Molestation,04. Molestation,167,93,419,415,20,26,29,1554,1,187,1419,1834
1099,Jammu & Kashmir,2002,Molestation,04. Molestation,991,142,1377,1368,43,3,11,5428,1,1034,5236,6604
1100,Jharkhand,2002,Molestation,04. Molestation,648,21,433,419,81,356,266,1133,104,729,1464,1883
1101,Karnataka,2002,Molestation,04. Molestation,1434,618,2366,2139,63,194,307,3806,114,1497,3782,5921
1102,Kerala,2002,Molestation,04. Molestation,897,497,2568,2552,124,241,248,7578,9,1021,6544,9096
1103,Lakshadweep,2002,Molestation,04. Molestation,0,0,1,1,0,0,0,1,0,0,0,1
1104,Madhya Pradesh,2002,Molestation,04. Molestation,2530,2554,8760,8774,1479,83,69,26399,0,4009,24188,32962
1105,Maharashtra,2002,Molestation,04. Molestation,1792,672,3260,3243,179,288,293,23108,12,1971,22508,25751
1106,Manipur,2002,Molestation,04. Molestation,0,0,41,2,0,4,10,8,33,0,6,8
1107,Meghalaya,2002,Molestation,04. Molestation,6,0,14,10,4,4,5,112,3,10,112,122
1108,Mizoram,2002,Molestation,04. Molestation,4,0,55,46,39,3,12,49,0,43,46,92
1109,Nagaland,2002,Molestation,04. Molestation,0,0,1,1,1,2,2,4,0,1,4,5
1110,Odisha,2002,Molestation,04. Molestation,1514,15,2316,2211,158,44,149,11091,0,1672,10567,12778
1111,Puducherry,2002,Molestation,04. Molestation,21,14,78,79,11,8,7,102,0,32,69,148
1112,Punjab,2002,Molestation,04. Molestation,168,19,425,432,115,471,409,750,55,283,620,1052
1113,Rajasthan,2002,Molestation,04. Molestation,1061,884,2967,2966,1153,0,1,11833,0,2214,11965,14931
1114,Sikkim,2002,Molestation,04. Molestation,1,1,17,5,1,0,5,2,7,2,0,5
1115,Tamil Nadu,2002,Molestation,04. Molestation,1532,37,2847,2919,1359,318,142,4789,104,2891,4798,7717
1116,Tripura,2002,Molestation,04. Molestation,65,2,95,85,5,24,15,79,19,70,66,151
1117,Uttar Pradesh,2002,Molestation,04. Molestation,1093,178,2944,3059,1755,258,47,9933,96,2848,9900,12959
1118,Uttarakhand,2002,Molestation,04. Molestation,38,45,234,195,74,8,31,360,16,112,322,517
1119,West Bengal,2002,Molestation,04. Molestation,869,0,1377,1088,181,824,1027,4915,86,1050,4877,5965
1120,Andaman & Nicobar Islands,2003,Molestation,04. Molestation,7,0,12,15,0,4,1,111,0,7,103,118
1121,Andhra Pradesh,2003,Molestation,04. Molestation,2216,1120,4577,4295,487,1113,1201,6164,194,2703,5692,9987
1122,Arunachal Pradesh,2003,Molestation,04. Molestation,2,0,66,30,2,18,25,238,29,4,212,242
1123,Assam,2003,Molestation,04. Molestation,649,186,1660,1136,108,717,808,2232,433,757,2039,3175
1124,Bihar,2003,Molestation,04. Molestation,374,75,965,832,91,240,243,2541,130,465,2249,3081
1125,Chandigarh,2003,Molestation,04. Molestation,18,0,19,19,2,2,0,71,2,20,72,91
1126,Chhattisgarh,2003,Molestation,04. Molestation,424,846,1755,1753,401,87,89,7555,0,825,7473,9226
1127,Dadra & Nagar Haveli,2003,Molestation,04. Molestation,2,0,7,2,0,0,5,14,0,2,14,16
1128,Daman & Diu,2003,Molestation,04. Molestation,0,0,3,2,0,0,1,2,0,0,0,2
1129,Delhi,2003,Molestation,04. Molestation,438,0,647,573,168,288,353,2026,9,606,2059,2632
1130,Goa,2003,Molestation,04. Molestation,13,3,15,13,3,7,7,50,2,16,56,69
1131,Gujarat,2003,Molestation,04. Molestation,530,149,970,954,30,17,33,7561,0,560,7316,8270
1132,Haryana,2003,Molestation,04. Molestation,461,2,475,477,133,7,5,2315,0,594,2434,2911
1133,Himachal Pradesh,2003,Molestation,04. Molestation,202,129,335,345,37,29,18,1531,1,239,1554,1899
1134,Jammu & Kashmir,2003,Molestation,04. Molestation,751,85,1966,1975,63,11,2,6504,0,814,5428,7403
1135,Jharkhand,2003,Molestation,04. Molestation,180,5,425,277,57,266,331,1168,83,237,1133,1410
1136,Karnataka,2003,Molestation,04. Molestation,1249,388,2266,2257,82,307,214,4344,102,1331,3806,6063
1137,Kerala,2003,Molestation,04. Molestation,940,642,2328,2176,153,248,305,8019,95,1093,7578,9754
1138,Lakshadweep,2003,Molestation,04. Molestation,0,0,1,0,1,0,1,0,0,1,1,1
1139,Madhya Pradesh,2003,Molestation,04. Molestation,2625,2750,8326,8317,1683,11,20,28556,0,4308,27297,35614
1140,Maharashtra,2003,Molestation,04. Molestation,1590,665,3147,3034,192,293,399,23695,7,1782,23108,26142
1141,Manipur,2003,Molestation,04. Molestation,0,0,54,1,0,10,27,9,36,0,8,9
1142,Meghalaya,2003,Molestation,04. Molestation,4,0,25,4,1,5,25,111,1,5,112,116
1143,Mizoram,2003,Molestation,04. Molestation,9,0,96,83,82,12,25,41,0,91,49,132
1144,Nagaland,2003,Molestation,04. Molestation,0,0,3,3,0,2,2,7,0,0,4,7
1145,Odisha,2003,Molestation,04. Molestation,1364,19,2440,2517,223,149,72,12002,0,1587,11091,13608
1146,Puducherry,2003,Molestation,04. Molestation,13,34,78,84,12,7,1,127,0,25,102,186
1147,Punjab,2003,Molestation,04. Molestation,175,5,439,382,135,409,385,817,81,310,750,1132
1148,Rajasthan,2003,Molestation,04. Molestation,1012,641,2816,2817,876,1,0,12121,0,1888,11833,14650
1149,Sikkim,2003,Molestation,04. Molestation,0,2,21,15,2,5,11,13,0,2,2,17
1150,Tamil Nadu,2003,Molestation,04. Molestation,1554,11,2615,2485,985,194,303,4765,21,2539,4830,7315
1151,Tripura,2003,Molestation,04. Molestation,23,0,157,77,5,15,56,128,39,28,79,156
1152,Uttar Pradesh,2003,Molestation,04. Molestation,851,163,1518,1493,1276,47,59,9136,13,2127,9933,11426
1153,Uttarakhand,2003,Molestation,04. Molestation,29,41,196,200,107,31,21,383,6,136,360,560
1154,West Bengal,2003,Molestation,04. Molestation,655,6,2021,1533,48,1027,1119,5739,396,703,4915,6448
1155,Andaman & Nicobar Islands,2004,Molestation,04. Molestation,1,0,13,12,6,1,2,116,0,7,111,123
1156,Andhra Pradesh,2004,Molestation,04. Molestation,2123,960,4259,4039,757,1201,1228,6363,193,2880,6164,10203
1157,Arunachal Pradesh,2004,Molestation,04. Molestation,4,4,68,44,6,25,33,268,16,10,238,282
1158,Assam,2004,Molestation,04. Molestation,799,137,1322,960,122,808,748,2134,422,921,2232,3192
1159,Bihar,2004,Molestation,04. Molestation,525,21,1058,959,75,243,266,2879,76,600,2541,3500
1160,Chandigarh,2004,Molestation,04. Molestation,10,0,24,19,6,0,5,74,0,16,71,90
1161,Chhattisgarh,2004,Molestation,04. Molestation,1050,1541,1972,2036,483,89,3,6517,22,1533,7555,9591
1162,Dadra & Nagar Haveli,2004,Molestation,04. Molestation,5,0,8,11,0,5,2,20,0,5,14,25
1163,Daman & Diu,2004,Molestation,04. Molestation,0,0,0,1,0,1,0,3,0,0,2,3
1164,Delhi,2004,Molestation,04. Molestation,147,0,756,688,112,353,410,2455,11,259,2026,2714
1165,Goa,2004,Molestation,04. Molestation,12,6,24,20,1,7,9,51,2,13,50,70
1166,Gujarat,2004,Molestation,04. Molestation,510,100,1132,1128,26,33,37,8053,0,536,7561,8689
1167,Haryana,2004,Molestation,04. Molestation,588,0,491,486,201,5,10,2012,0,789,2315,2801
1168,Himachal Pradesh,2004,Molestation,04. Molestation,224,171,347,334,27,18,29,1443,2,251,1531,1865
1169,Jammu & Kashmir,2004,Molestation,04. Molestation,1316,81,1857,1852,60,2,7,6899,0,1376,6504,8356
1170,Jharkhand,2004,Molestation,04. Molestation,180,5,425,277,57,331,396,1203,83,237,1168,1445
1171,Karnataka,2004,Molestation,04. Molestation,1186,409,1925,1916,49,214,160,4616,63,1235,4344,6260
1172,Kerala,2004,Molestation,04. Molestation,1223,889,2825,2736,231,305,344,8412,50,1454,8019,10755
1173,Lakshadweep,2004,Molestation,04. Molestation,0,0,0,0,0,1,1,0,0,0,0,0
1174,Madhya Pradesh,2004,Molestation,04. Molestation,2660,2806,8022,8033,1601,20,9,29522,0,4261,28556,36589
1175,Maharashtra,2004,Molestation,04. Molestation,1416,714,3355,3289,179,399,461,24675,4,1595,23695,26984
1176,Manipur,2004,Molestation,04. Molestation,0,0,26,1,0,27,21,10,31,0,9,10
1177,Meghalaya,2004,Molestation,04. Molestation,7,1,17,10,1,25,28,112,4,8,111,121
1178,Mizoram,2004,Molestation,04. Molestation,1,0,60,45,4,25,35,81,5,5,41,86
1179,Nagaland,2004,Molestation,04. Molestation,2,0,2,4,4,2,0,5,0,6,7,11
1180,Odisha,2004,Molestation,04. Molestation,1588,34,2468,2439,157,72,101,12662,0,1745,12002,14441
1181,Puducherry,2004,Molestation,04. Molestation,41,35,94,95,12,1,0,134,0,53,127,222
1182,Punjab,2004,Molestation,04. Molestation,88,14,337,494,79,385,187,1130,41,167,817,1311
1183,Rajasthan,2004,Molestation,04. Molestation,1049,706,3150,3149,1134,0,1,12381,0,2183,12121,15270
1184,Sikkim,2004,Molestation,04. Molestation,4,4,58,34,0,11,28,39,7,4,13,47
1185,Tamil Nadu,2004,Molestation,04. Molestation,1375,65,2767,2731,1255,303,324,4801,15,2630,4765,7496
1186,Tripura,2004,Molestation,04. Molestation,51,14,189,169,13,56,44,219,32,64,128,297
1187,Uttar Pradesh,2004,Molestation,04. Molestation,936,136,2592,2520,1413,59,96,9171,35,2349,9136,11656
1188,Uttarakhand,2004,Molestation,04. Molestation,28,22,222,207,116,21,20,424,16,144,383,590
1189,West Bengal,2004,Molestation,04. Molestation,527,0,1714,1485,64,1119,1162,6633,186,591,5739,7224
1190,Andaman & Nicobar Islands,2005,Molestation,04. Molestation,2,0,14,8,0,2,8,122,0,2,116,124
1191,Andhra Pradesh,2005,Molestation,04. Molestation,2817,1167,4003,3703,575,1228,1409,5507,119,3392,6363,10066
1192,Arunachal Pradesh,2005,Molestation,04. Molestation,18,7,51,44,19,33,17,268,23,37,268,312
1193,Assam,2005,Molestation,04. Molestation,687,90,1288,1012,162,748,674,2207,350,849,2134,3146
1194,Bihar,2005,Molestation,04. Molestation,600,16,715,598,66,266,335,2795,48,666,2879,3477
1195,Chandigarh,2005,Molestation,04. Molestation,9,0,36,30,8,5,8,87,3,17,74,104
1196,Chhattisgarh,2005,Molestation,04. Molestation,1045,617,1734,1730,500,3,7,6085,0,1545,6517,8247
1197,Dadra & Nagar Haveli,2005,Molestation,04. Molestation,10,0,10,8,0,2,4,18,0,10,20,28
1198,Daman & Diu,2005,Molestation,04. Molestation,0,0,1,1,0,0,0,4,0,0,3,4
1199,Delhi,2005,Molestation,04. Molestation,103,0,968,777,99,410,551,3030,50,202,2455,3232
1200,Goa,2005,Molestation,04. Molestation,3,1,42,18,4,9,30,61,3,7,51,69
1201,Gujarat,2005,Molestation,04. Molestation,650,48,1064,1052,106,37,49,8301,0,756,8053,9105
1202,Haryana,2005,Molestation,04. Molestation,348,8,506,496,118,10,20,2034,0,466,2012,2508
1203,Himachal Pradesh,2005,Molestation,04. Molestation,287,109,357,349,37,29,35,1359,2,324,1443,1792
1204,Jammu & Kashmir,2005,Molestation,04. Molestation,1116,160,1563,1531,31,7,1,7123,38,1147,6899,8430
1205,Jharkhand,2005,Molestation,04. Molestation,655,25,299,310,55,396,333,778,52,710,1203,1513
1206,Karnataka,2005,Molestation,04. Molestation,1644,403,2066,2034,119,160,127,4484,65,1763,4616,6650
1207,Kerala,2005,Molestation,04. Molestation,1134,437,2842,2660,369,344,504,9132,22,1503,8412,11072
1208,Lakshadweep,2005,Molestation,04. Molestation,0,0,0,0,0,0,0,0,0,0,0,0
1209,Madhya Pradesh,2005,Molestation,04. Molestation,2931,2601,7762,7757,1677,9,14,30070,0,4608,29522,37279
1210,Maharashtra,2005,Molestation,04. Molestation,1664,604,3865,3816,181,461,507,26042,3,1845,24675,28491
1211,Manipur,2005,Molestation,04. Molestation,0,0,27,1,0,21,16,11,31,0,10,11
1212,Meghalaya,2005,Molestation,04. Molestation,5,0,21,16,2,28,31,121,2,7,112,128
1213,Mizoram,2005,Molestation,04. Molestation,2,0,43,38,90,35,40,27,0,92,81,119
1214,Nagaland,2005,Molestation,04. Molestation,0,0,7,7,2,0,0,10,0,2,5,12
1215,Odisha,2005,Molestation,04. Molestation,1416,1,3318,3273,143,101,138,14375,8,1559,12662,15935
1216,Puducherry,2005,Molestation,04. Molestation,14,34,101,85,15,0,16,156,0,29,134,219
1217,Punjab,2005,Molestation,04. Molestation,161,15,361,321,54,187,205,1221,22,215,1130,1451
1218,Rajasthan,2005,Molestation,04. Molestation,1065,783,2885,2885,1351,1,1,12067,0,2416,12381,15266
1219,Sikkim,2005,Molestation,04. Molestation,10,10,28,11,2,28,17,28,28,12,39,50
1220,Tamil Nadu,2005,Molestation,04. Molestation,1584,3,2515,2609,1112,324,218,4711,12,2696,4801,7410
1221,Tripura,2005,Molestation,04. Molestation,121,2,156,135,28,44,60,203,5,149,219,354
1222,Uttar Pradesh,2005,Molestation,04. Molestation,877,208,2600,2543,1342,96,115,9287,38,2219,9171,11714
1223,Uttarakhand,2005,Molestation,04. Molestation,35,3,149,143,54,20,21,475,5,89,424,567
1224,West Bengal,2005,Molestation,04. Molestation,826,0,2027,1781,69,1162,1213,7519,195,895,6633,8414
1225,Andaman & Nicobar Islands,2006,Molestation,04. Molestation,4,0,19,19,0,8,8,137,0,4,122,141
1226,Andhra Pradesh,2006,Molestation,04. Molestation,2038,1188,4431,3917,895,1409,1814,5303,109,2933,5507,9424
1227,Arunachal Pradesh,2006,Molestation,04. Molestation,13,5,40,38,11,17,14,277,5,24,268,306
1228,Assam,2006,Molestation,04. Molestation,780,80,1716,1097,260,674,851,2184,442,1040,2207,3304
1229,Bihar,2006,Molestation,04. Molestation,564,94,720,743,117,335,287,2763,25,681,2795,3538
1230,Chandigarh,2006,Molestation,04. Molestation,15,0,28,25,6,8,11,91,0,21,87,112
1231,Chhattisgarh,2006,Molestation,04. Molestation,585,376,1880,1850,495,7,37,6479,0,1080,6085,7935
1232,Dadra & Nagar Haveli,2006,Molestation,04. Molestation,4,0,5,9,1,4,0,22,0,5,18,27
1233,Daman & Diu,2006,Molestation,04. Molestation,1,0,5,2,0,0,3,5,0,1,4,6
1234,Delhi,2006,Molestation,04. Molestation,95,0,887,679,131,551,701,3483,58,226,3030,3709
1235,Goa,2006,Molestation,04. Molestation,7,4,25,30,4,30,17,76,8,11,61,91
1236,Gujarat,2006,Molestation,04. Molestation,486,97,957,950,38,49,56,8630,0,524,8301,9251
1237,Haryana,2006,Molestation,04. Molestation,235,2,653,618,133,20,55,2282,0,368,2034,2652
1238,Himachal Pradesh,2006,Molestation,04. Molestation,174,66,391,404,23,35,22,1500,0,197,1359,1763
1239,Jammu & Kashmir,2006,Molestation,04. Molestation,1090,192,2015,2015,113,1,1,7743,0,1203,7123,9138
1240,Jharkhand,2006,Molestation,04. Molestation,365,158,445,625,69,333,137,811,16,434,778,1403
1241,Karnataka,2006,Molestation,04. Molestation,1679,336,2445,2294,101,127,217,4662,61,1780,4484,6778
1242,Kerala,2006,Molestation,04. Molestation,1974,331,2951,2893,322,504,558,9398,4,2296,9132,12025
1243,Lakshadweep,2006,Molestation,04. Molestation,0,0,0,0,0,0,0,0,0,0,0,0
1244,Madhya Pradesh,2006,Molestation,04. Molestation,2039,2597,7235,7229,1465,14,20,31198,0,3504,30070,37299
1245,Maharashtra,2006,Molestation,04. Molestation,1646,520,4246,4074,197,507,669,27753,10,1843,26042,30116
1246,Manipur,2006,Molestation,04. Molestation,0,0,29,1,2,16,26,10,18,2,11,12
1247,Meghalaya,2006,Molestation,04. Molestation,9,0,50,38,8,31,37,142,6,17,121,159
1248,Mizoram,2006,Molestation,04. Molestation,9,0,60,62,49,40,38,31,0,58,27,89
1249,Nagaland,2006,Molestation,04. Molestation,0,0,4,2,6,0,2,6,0,6,10,12
1250,Odisha,2006,Molestation,04. Molestation,1518,0,3565,3435,244,138,263,16048,5,1762,14375,17810
1251,Puducherry,2006,Molestation,04. Molestation,15,7,79,67,23,16,28,178,0,38,156,223
1252,Punjab,2006,Molestation,04. Molestation,183,5,422,361,69,205,248,1325,18,252,1221,1582
1253,Rajasthan,2006,Molestation,04. Molestation,965,1065,2975,2976,1243,1,0,11770,0,2208,12067,15043
1254,Sikkim,2006,Molestation,04. Molestation,2,7,16,14,1,17,5,32,14,3,28,42
1255,Tamil Nadu,2006,Molestation,04. Molestation,1354,1,1667,1655,730,218,219,4281,11,2084,4711,6366
1256,Tripura,2006,Molestation,04. Molestation,103,7,162,130,16,60,14,207,78,119,203,333
1257,Uttar Pradesh,2006,Molestation,04. Molestation,916,201,2785,2763,1575,115,98,9358,39,2491,9287,12050
1258,Uttarakhand,2006,Molestation,04. Molestation,44,0,204,202,82,21,10,551,13,126,475,677
1259,West Bengal,2006,Molestation,04. Molestation,1054,4,2004,1704,142,1213,1161,8023,352,1196,7519,9223
1260,Andaman & Nicobar Islands,2007,Molestation,04. Molestation,5,0,32,30,1,8,10,161,0,6,137,167
1261,Andhra Pradesh,2007,Molestation,04. Molestation,3022,1342,4893,4967,773,1814,1639,5133,101,3795,5303,10270
1262,Arunachal Pradesh,2007,Molestation,04. Molestation,13,2,72,59,8,14,12,313,15,21,277,336
1263,Assam,2007,Molestation,04. Molestation,1030,89,1466,1045,114,851,848,1996,424,1144,2184,3229
1264,Bihar,2007,Molestation,04. Molestation,529,69,1360,1118,123,287,504,3160,25,652,2763,3881
1265,Chandigarh,2007,Molestation,04. Molestation,26,0,39,24,2,11,22,87,4,28,91,115
1266,Chhattisgarh,2007,Molestation,04. Molestation,488,521,1831,1809,261,37,59,7018,0,749,6479,8288
1267,Dadra & Nagar Haveli,2007,Molestation,04. Molestation,6,0,0,0,1,0,0,15,0,7,22,22
1268,Daman & Diu,2007,Molestation,04. Molestation,0,0,0,3,1,3,0,7,0,1,5,8
1269,Delhi,2007,Molestation,04. Molestation,108,0,1143,1027,144,701,790,4258,27,252,3483,4510
1270,Goa,2007,Molestation,04. Molestation,3,9,24,13,2,17,26,75,2,5,76,89
1271,Gujarat,2007,Molestation,04. Molestation,585,81,1227,1220,30,56,62,9154,1,615,8630,9850
1272,Haryana,2007,Molestation,04. Molestation,352,8,572,584,125,55,43,2381,0,477,2282,2866
1273,Himachal Pradesh,2007,Molestation,04. Molestation,184,133,404,357,27,22,67,1513,2,211,1500,1857
1274,Jammu & Kashmir,2007,Molestation,04. Molestation,963,146,2306,2306,55,1,1,8885,0,1018,7743,10049
1275,Jharkhand,2007,Molestation,04. Molestation,221,6,402,352,78,137,153,858,34,299,811,1163
1276,Karnataka,2007,Molestation,04. Molestation,1722,348,2456,2442,105,217,151,4929,80,1827,4662,7104
1277,Kerala,2007,Molestation,04. Molestation,2070,498,2959,3049,228,558,466,9651,2,2298,9398,12447
1278,Lakshadweep,2007,Molestation,04. Molestation,0,0,1,1,0,0,0,1,0,0,0,1
1279,Madhya Pradesh,2007,Molestation,04. Molestation,2852,3002,8053,8061,2058,20,12,31347,0,4910,31198,39259
1280,Maharashtra,2007,Molestation,04. Molestation,1704,443,3864,3725,206,669,802,29125,6,1910,27753,31478
1281,Manipur,2007,Molestation,04. Molestation,2,0,47,0,0,26,38,8,35,2,10,10
1282,Meghalaya,2007,Molestation,04. Molestation,9,1,24,15,7,37,41,140,5,16,142,157
1283,Mizoram,2007,Molestation,04. Molestation,3,0,64,67,63,38,35,32,0,66,31,98
1284,Nagaland,2007,Molestation,04. Molestation,0,3,10,9,8,2,3,4,0,8,6,15
1285,Odisha,2007,Molestation,04. Molestation,1880,0,3713,3699,277,263,277,17590,0,2157,16048,19747
1286,Puducherry,2007,Molestation,04. Molestation,50,16,160,179,11,28,8,280,1,61,178,357
1287,Punjab,2007,Molestation,04. Molestation,197,3,472,352,90,248,329,1387,39,287,1325,1677
1288,Rajasthan,2007,Molestation,04. Molestation,739,607,2753,2748,1041,0,5,12131,0,1780,11770,14518
1289,Sikkim,2007,Molestation,04. Molestation,6,3,11,9,0,5,5,32,2,6,32,41
1290,Tamil Nadu,2007,Molestation,04. Molestation,1239,1,1945,1788,840,219,334,3989,42,2079,4281,6069
1291,Tripura,2007,Molestation,04. Molestation,138,0,197,155,21,14,40,203,16,159,207,362
1292,Uttar Pradesh,2007,Molestation,04. Molestation,1019,135,3485,3212,1676,98,169,9740,202,2695,9358,12570
1293,Uttarakhand,2007,Molestation,04. Molestation,33,29,306,239,136,10,48,592,29,169,551,790
1294,West Bengal,2007,Molestation,04. Molestation,804,31,1712,1839,87,1161,956,8940,78,891,8023,9862
1295,Andaman & Nicobar Islands,2008,Molestation,04. Molestation,4,0,32,35,0,10,7,192,0,4,161,196
1296,Andhra Pradesh,2008,Molestation,04. Molestation,1895,1579,4922,4831,608,1639,1543,5882,187,2503,5133,9964
1297,Arunachal Pradesh,2008,Molestation,04. Molestation,7,8,73,66,16,12,11,348,8,23,313,379
1298,Assam,2008,Molestation,04. Molestation,605,102,1307,833,227,848,989,1895,333,832,1996,2829
1299,Bihar,2008,Molestation,04. Molestation,629,116,1165,1042,105,504,624,3352,3,734,3160,4202
1300,Chandigarh,2008,Molestation,04. Molestation,21,0,22,30,1,22,12,95,2,22,87,117
1301,Chhattisgarh,2008,Molestation,04. Molestation,575,279,1934,1921,330,59,36,7755,36,905,7018,8939
1302,Dadra & Nagar Haveli,2008,Molestation,04. Molestation,0,0,7,7,0,0,0,22,0,0,15,22
1303,Daman & Diu,2008,Molestation,04. Molestation,1,3,1,1,0,0,0,4,0,1,7,8
1304,Delhi,2008,Molestation,04. Molestation,443,0,855,961,266,790,649,4510,35,709,4258,5219
1305,Goa,2008,Molestation,04. Molestation,18,1,28,33,3,26,17,86,4,21,75,108
1306,Gujarat,2008,Molestation,04. Molestation,776,135,1291,1296,111,62,57,9428,0,887,9154,10450
1307,Haryana,2008,Molestation,04. Molestation,338,8,533,540,131,43,36,2444,0,469,2381,2921
1308,Himachal Pradesh,2008,Molestation,04. Molestation,169,67,358,378,44,67,47,1611,0,213,1513,1891
1309,Jammu & Kashmir,2008,Molestation,04. Molestation,699,255,1748,1748,57,1,1,9622,0,756,8885,10633
1310,Jharkhand,2008,Molestation,04. Molestation,290,23,302,362,51,153,87,856,6,341,858,1220
1311,Karnataka,2008,Molestation,04. Molestation,1534,647,2927,2751,110,151,281,5389,46,1644,4929,7680
1312,Kerala,2008,Molestation,04. Molestation,1916,514,3452,3504,258,466,414,10467,0,2174,9651,13155
1313,Lakshadweep,2008,Molestation,04. Molestation,0,0,0,0,0,0,0,1,0,0,1,1
1314,Madhya Pradesh,2008,Molestation,04. Molestation,2828,2745,7686,7683,2898,12,15,30559,0,5726,31347,39030
1315,Maharashtra,2008,Molestation,04. Molestation,1965,522,4334,4253,205,802,866,30686,17,2170,29125,33378
1316,Manipur,2008,Molestation,04. Molestation,0,0,47,0,0,38,25,8,60,0,8,8
1317,Meghalaya,2008,Molestation,04. Molestation,16,2,18,19,11,41,38,130,2,27,140,159
1318,Mizoram,2008,Molestation,04. Molestation,8,0,76,71,40,35,40,55,0,48,32,103
1319,Nagaland,2008,Molestation,04. Molestation,1,0,22,14,5,3,5,12,6,6,4,18
1320,Odisha,2008,Molestation,04. Molestation,2445,0,3765,3746,383,277,296,18508,0,2828,17590,21336
1321,Puducherry,2008,Molestation,04. Molestation,32,3,85,92,9,8,1,328,0,41,280,372
1322,Punjab,2008,Molestation,04. Molestation,229,0,512,458,112,329,328,1504,55,341,1387,1845
1323,Rajasthan,2008,Molestation,04. Molestation,787,575,2893,2898,1076,5,0,12591,0,1863,12131,15029
1324,Sikkim,2008,Molestation,04. Molestation,19,0,18,20,3,5,3,30,0,22,32,52
1325,Tamil Nadu,2008,Molestation,04. Molestation,947,2,2220,2059,543,334,428,4556,67,1490,3989,6048
1326,Tripura,2008,Molestation,04. Molestation,145,4,349,312,18,40,31,348,46,163,203,515
1327,Uttar Pradesh,2008,Molestation,04. Molestation,1307,161,4109,3723,2277,169,172,9718,383,3584,9740,13463
1328,Uttarakhand,2008,Molestation,04. Molestation,38,36,160,177,123,48,5,572,26,161,592,769
1329,West Bengal,2008,Molestation,04. Molestation,719,18,1584,1567,93,956,924,9677,49,812,8940,10507
1330,Andaman & Nicobar Islands,2009,Molestation,04. Molestation,8,0,40,36,0,7,11,220,0,8,192,228
1331,Andhra Pradesh,2009,Molestation,04. Molestation,2627,1787,5441,5163,427,1543,1682,6204,139,3054,5882,11045
1332,Arunachal Pradesh,2009,Molestation,04. Molestation,11,3,70,57,15,11,14,376,10,26,348,405
1333,Assam,2009,Molestation,04. Molestation,582,12,1614,1050,156,989,1050,2195,503,738,1895,2945
1334,Bihar,2009,Molestation,04. Molestation,573,76,795,721,95,624,696,3329,2,668,3352,4073
1335,Chandigarh,2009,Molestation,04. Molestation,22,0,39,24,3,12,22,94,5,25,95,119
1336,Chhattisgarh,2009,Molestation,04. Molestation,738,268,1817,1790,307,36,55,8232,8,1045,7755,9545
1337,Dadra & Nagar Haveli,2009,Molestation,04. Molestation,0,0,2,2,0,0,0,24,0,0,22,24
1338,Daman & Diu,2009,Molestation,04. Molestation,0,0,5,0,0,0,5,4,0,0,4,4
1339,Delhi,2009,Molestation,04. Molestation,285,0,710,776,231,649,582,4770,1,516,4510,5286
1340,Goa,2009,Molestation,04. Molestation,9,0,35,22,3,17,24,96,6,12,86,108
1341,Gujarat,2009,Molestation,04. Molestation,607,46,1025,1015,50,57,67,9740,0,657,9428,10443
1342,Haryana,2009,Molestation,04. Molestation,332,6,553,550,129,36,39,2527,0,461,2444,2994
1343,Himachal Pradesh,2009,Molestation,04. Molestation,171,62,345,354,34,47,38,1698,0,205,1611,1965
1344,Jammu & Kashmir,2009,Molestation,04. Molestation,884,208,2044,2043,217,1,2,10356,0,1101,9622,11665
1345,Jharkhand,2009,Molestation,04. Molestation,235,9,327,291,102,87,123,801,0,337,856,1147
1346,Karnataka,2009,Molestation,04. Molestation,1727,471,3159,3032,91,281,303,6132,105,1818,5389,8421
1347,Kerala,2009,Molestation,04. Molestation,1729,330,3238,3293,234,414,359,11467,0,1963,10467,13760
1348,Lakshadweep,2009,Molestation,04. Molestation,1,0,0,0,0,0,0,0,0,1,1,1
1349,Madhya Pradesh,2009,Molestation,04. Molestation,3452,3326,7567,7556,1941,15,26,29396,0,5393,30559,38115
1350,Maharashtra,2009,Molestation,04. Molestation,2013,524,3938,3826,191,866,966,31784,12,2204,30686,34512
1351,Manipur,2009,Molestation,04. Molestation,0,0,40,2,0,25,37,10,26,0,8,10
1352,Meghalaya,2009,Molestation,04. Molestation,8,0,42,65,3,38,11,184,4,11,130,195
1353,Mizoram,2009,Molestation,04. Molestation,8,0,78,113,60,40,5,100,0,68,55,168
1354,Nagaland,2009,Molestation,04. Molestation,1,0,13,10,9,5,6,12,2,10,12,22
1355,Odisha,2009,Molestation,04. Molestation,1563,0,3589,3534,120,296,351,20359,0,1683,18508,22042
1356,Puducherry,2009,Molestation,04. Molestation,64,18,53,53,16,1,1,283,0,80,328,381
1357,Punjab,2009,Molestation,04. Molestation,208,0,355,315,104,328,350,1507,18,312,1504,1819
1358,Rajasthan,2009,Molestation,04. Molestation,660,570,2692,2692,893,0,0,13160,0,1553,12591,15283
1359,Sikkim,2009,Molestation,04. Molestation,10,32,36,32,8,3,7,12,0,18,30,62
1360,Tamil Nadu,2009,Molestation,04. Molestation,1038,0,1916,1936,716,428,399,4738,9,1754,4556,6492
1361,Tripura,2009,Molestation,04. Molestation,350,38,434,354,16,31,58,298,53,366,348,702
1362,Uttar Pradesh,2009,Molestation,04. Molestation,1054,67,4026,3656,2510,172,132,9743,410,3564,9718,13374
1363,Uttarakhand,2009,Molestation,04. Molestation,77,6,178,172,173,5,11,488,0,250,572,744
1364,West Bengal,2009,Molestation,04. Molestation,807,116,1640,1602,100,924,874,10256,88,907,9677,11279
1365,Andaman & Nicobar Islands,2010,Molestation,04. Molestation,5,0,40,34,0,11,17,249,0,5,220,254
1366,Andhra Pradesh,2010,Molestation,04. Molestation,2374,922,4622,4698,484,1682,1406,7122,200,2858,6204,10902
1367,Arunachal Pradesh,2010,Molestation,04. Molestation,5,1,88,61,5,14,31,426,10,10,376,437
1368,Assam,2010,Molestation,04. Molestation,559,46,2020,1090,138,1050,1413,2542,567,697,2195,3285
1369,Bihar,2010,Molestation,04. Molestation,506,77,808,676,109,696,761,3313,67,615,3329,4005
1370,Chandigarh,2010,Molestation,04. Molestation,28,0,28,30,7,22,13,89,7,35,94,124
1371,Chhattisgarh,2010,Molestation,04. Molestation,1126,266,1969,1960,512,55,56,8288,8,1638,8232,10192
1372,Dadra & Nagar Haveli,2010,Molestation,04. Molestation,0,0,12,5,2,0,7,27,0,2,24,29
1373,Daman & Diu,2010,Molestation,04. Molestation,2,1,2,1,0,5,6,2,0,2,4,5
1374,Delhi,2010,Molestation,04. Molestation,395,0,794,721,336,582,641,4760,14,731,4770,5491
1375,Goa,2010,Molestation,04. Molestation,35,0,37,38,4,24,18,95,5,39,96,134
1376,Gujarat,2010,Molestation,04. Molestation,671,42,986,972,29,67,81,9970,0,700,9740,10712
1377,Haryana,2010,Molestation,04. Molestation,374,0,605,596,165,39,48,2584,0,539,2527,3123
1378,Himachal Pradesh,2010,Molestation,04. Molestation,152,65,418,421,27,38,35,1875,0,179,1698,2119
1379,Jammu & Kashmir,2010,Molestation,04. Molestation,701,270,2053,2049,55,2,6,11379,0,756,10356,12405
1380,Jharkhand,2010,Molestation,04. Molestation,306,4,273,318,58,123,73,751,5,364,801,1119
1381,Karnataka,2010,Molestation,04. Molestation,1821,494,3411,3102,89,303,431,6830,181,1910,6132,9234
1382,Kerala,2010,Molestation,04. Molestation,1742,276,3585,3602,246,359,342,12805,0,1988,11467,15069
1383,Lakshadweep,2010,Molestation,04. Molestation,0,0,0,0,0,0,0,0,0,0,0,0
1384,Madhya Pradesh,2010,Molestation,04. Molestation,3636,3302,7863,7838,2155,26,23,28141,28,5791,29396,37234
1385,Maharashtra,2010,Molestation,04. Molestation,2183,427,4386,4047,206,966,1298,33015,7,2389,31784,35831
1386,Manipur,2010,Molestation,04. Molestation,0,0,23,0,0,37,43,10,17,0,10,10
1387,Meghalaya,2010,Molestation,04. Molestation,10,3,29,27,4,11,12,194,1,14,184,211
1388,Mizoram,2010,Molestation,04. Molestation,12,0,79,81,122,5,3,47,0,134,100,181
1389,Nagaland,2010,Molestation,04. Molestation,7,2,15,11,1,6,2,13,8,8,12,23
1390,Odisha,2010,Molestation,04. Molestation,1876,0,4116,4265,147,351,202,22601,0,2023,20359,24624
1391,Puducherry,2010,Molestation,04. Molestation,52,15,71,72,11,1,0,277,0,63,283,355
1392,Punjab,2010,Molestation,04. Molestation,291,2,454,445,162,303,276,1283,36,453,1293,1738
1393,Rajasthan,2010,Molestation,04. Molestation,599,459,2598,2598,804,0,0,13896,0,1403,13160,15758
1394,Sikkim,2010,Molestation,04. Molestation,8,2,23,13,3,7,12,12,5,11,12,25
1395,Tamil Nadu,2010,Molestation,04. Molestation,1008,0,1946,1598,765,399,732,4563,15,1773,4738,6336
1396,Tripura,2010,Molestation,04. Molestation,309,18,456,358,36,58,42,293,114,345,298,656
1397,Uttar Pradesh,2010,Molestation,04. Molestation,1137,71,4189,3646,2810,132,179,9371,496,3947,9743,13389
1398,Uttarakhand,2010,Molestation,04. Molestation,16,9,184,183,65,11,6,581,6,81,488,671
1399,West Bengal,2010,Molestation,04. Molestation,706,21,1841,2167,91,874,490,11605,58,797,10256,12423
1400,Andaman & Nicobar Islands,2001,Sexual harassment,05. Sexual Harassment,0,0,1,1,0,0,0,6,0,0,5,6
1401,Andhra Pradesh,2001,Sexual harassment,05. Sexual Harassment,734,268,2268,2068,1136,380,546,1894,34,1870,1964,4032
1402,Arunachal Pradesh,2001,Sexual harassment,05. Sexual Harassment,0,0,3,3,0,1,1,4,0,0,1,4
1403,Assam,2001,Sexual harassment,05. Sexual Harassment,7,0,11,7,3,11,13,31,2,10,34,41
1404,Bihar,2001,Sexual harassment,05. Sexual Harassment,32,4,37,42,8,76,61,112,10,40,114,156
1405,Chandigarh,2001,Sexual harassment,05. Sexual Harassment,7,0,17,19,6,4,2,29,0,13,23,42
1406,Chhattisgarh,2001,Sexual harassment,05. Sexual Harassment,72,53,194,210,89,16,0,1187,0,161,1191,1401
1407,Dadra & Nagar Haveli,2001,Sexual harassment,05. Sexual Harassment,0,0,0,0,0,0,0,1,0,0,1,1
1408,Daman & Diu,2001,Sexual harassment,05. Sexual Harassment,0,0,0,0,0,0,0,0,0,0,0,0
1409,Delhi,2001,Sexual harassment,05. Sexual Harassment,52,0,107,106,26,42,41,531,2,78,503,609
1410,Goa,2001,Sexual harassment,05. Sexual Harassment,12,1,8,6,1,3,5,24,0,13,32,38
1411,Gujarat,2001,Sexual harassment,05. Sexual Harassment,57,3,147,149,6,2,0,815,0,63,732,881
1412,Haryana,2001,Sexual harassment,05. Sexual Harassment,173,0,480,471,527,3,11,982,1,700,1211,1682
1413,Himachal Pradesh,2001,Sexual harassment,05. Sexual Harassment,17,8,18,19,2,1,0,152,0,19,160,179
1414,Jammu & Kashmir,2001,Sexual harassment,05. Sexual Harassment,193,13,367,360,68,1,1,982,7,261,896,1256
1415,Jharkhand,2001,Sexual harassment,05. Sexual Harassment,10,0,46,6,10,11,50,140,1,20,154,160
1416,Karnataka,2001,Sexual harassment,05. Sexual Harassment,57,2,71,72,11,5,4,116,0,68,114,186
1417,Kerala,2001,Sexual harassment,05. Sexual Harassment,56,8,127,102,3,8,32,261,1,59,226,328
1418,Lakshadweep,2001,Sexual harassment,05. Sexual Harassment,0,0,0,0,0,0,0,0,0,0,0,0
1419,Madhya Pradesh,2001,Sexual harassment,05. Sexual Harassment,433,157,1123,1106,306,1,12,2549,6,739,2339,3445
1420,Maharashtra,2001,Sexual harassment,05. Sexual Harassment,475,209,1314,1309,33,60,60,7185,5,508,6593,7902
1421,Manipur,2001,Sexual harassment,05. Sexual Harassment,0,0,0,0,0,0,0,0,0,0,0,0
1422,Meghalaya,2001,Sexual harassment,05. Sexual Harassment,0,0,0,0,0,0,0,1,0,0,1,1
1423,Mizoram,2001,Sexual harassment,05. Sexual Harassment,0,0,0,0,0,0,0,0,0,0,0,0
1424,Nagaland,2001,Sexual harassment,05. Sexual Harassment,0,0,0,0,0,0,0,0,0,0,0,0
1425,Odisha,2001,Sexual harassment,05. Sexual Harassment,398,0,539,541,45,7,5,619,0,443,521,1062
1426,Puducherry,2001,Sexual harassment,05. Sexual Harassment,7,16,45,45,20,0,0,26,0,27,24,69
1427,Punjab,2001,Sexual harassment,05. Sexual Harassment,5,0,57,43,1,23,35,57,2,6,20,63
1428,Rajasthan,2001,Sexual harassment,05. Sexual Harassment,31,16,58,58,41,0,0,289,0,72,319,377
1429,Sikkim,2001,Sexual harassment,05. Sexual Harassment,2,1,18,7,5,6,6,1,11,7,2,9
1430,Tamil Nadu,2001,Sexual harassment,05. Sexual Harassment,120,0,1229,1220,1051,40,24,658,25,1171,609,1829
1431,Tripura,2001,Sexual harassment,05. Sexual Harassment,0,0,0,0,0,0,0,0,0,0,0,0
1432,Uttar Pradesh,2001,Sexual harassment,05. Sexual Harassment,780,91,3961,3969,2159,143,96,6778,39,2939,5839,9808
1433,Uttarakhand,2001,Sexual harassment,05. Sexual Harassment,57,2,137,132,108,5,4,211,6,165,246,378
1434,West Bengal,2001,Sexual harassment,05. Sexual Harassment,32,0,56,34,1,22,29,60,15,33,59,93
1435,Andaman & Nicobar Islands,2002,Sexual harassment,05. Sexual Harassment,0,0,3,3,0,0,0,9,0,0,6,9
1436,Andhra Pradesh,2002,Sexual harassment,05. Sexual Harassment,595,192,2433,2146,1185,546,772,2068,61,1780,1894,4040
1437,Arunachal Pradesh,2002,Sexual harassment,05. Sexual Harassment,0,0,4,1,0,1,4,5,0,0,4,5
1438,Assam,2002,Sexual harassment,05. Sexual Harassment,5,0,7,5,0,13,13,31,2,5,31,36
1439,Bihar,2002,Sexual harassment,05. Sexual Harassment,22,0,16,50,4,61,27,146,0,26,122,172
1440,Chandigarh,2002,Sexual harassment,05. Sexual Harassment,7,0,31,33,13,2,0,42,0,20,29,62
1441,Chhattisgarh,2002,Sexual harassment,05. Sexual Harassment,258,97,177,167,313,0,10,686,0,571,1187,1354
1442,Dadra & Nagar Haveli,2002,Sexual harassment,05. Sexual Harassment,0,0,0,0,0,0,0,1,0,0,1,1
1443,Daman & Diu,2002,Sexual harassment,05. Sexual Harassment,0,0,0,0,0,0,0,0,0,0,0,0
1444,Delhi,2002,Sexual harassment,05. Sexual Harassment,34,0,171,112,41,41,98,568,2,75,531,643
1445,Goa,2002,Sexual harassment,05. Sexual Harassment,5,2,8,8,0,5,5,25,0,5,24,32
1446,Gujarat,2002,Sexual harassment,05. Sexual Harassment,73,2,142,139,4,0,3,875,0,77,815,954
1447,Haryana,2002,Sexual harassment,05. Sexual Harassment,227,0,1612,1610,1331,11,13,1034,0,1558,982,2592
1448,Himachal Pradesh,2002,Sexual harassment,05. Sexual Harassment,9,4,16,14,0,0,2,153,0,9,152,166
1449,Jammu & Kashmir,2002,Sexual harassment,05. Sexual Harassment,244,5,458,452,146,1,7,1039,0,390,982,1434
1450,Jharkhand,2002,Sexual harassment,05. Sexual Harassment,12,0,3,16,0,18,3,140,2,12,136,152
1451,Karnataka,2002,Sexual harassment,05. Sexual Harassment,35,13,83,84,2,4,3,150,0,37,116,200
1452,Kerala,2002,Sexual harassment,05. Sexual Harassment,47,15,113,108,25,32,7,282,30,72,261,369
1453,Lakshadweep,2002,Sexual harassment,05. Sexual Harassment,0,0,0,0,0,0,0,0,0,0,0,0
1454,Madhya Pradesh,2002,Sexual harassment,05. Sexual Harassment,277,319,1110,1114,273,12,8,2794,0,550,2549,3663
1455,Maharashtra,2002,Sexual harassment,05. Sexual Harassment,754,187,972,969,40,60,58,7173,5,794,7185,8154
1456,Manipur,2002,Sexual harassment,05. Sexual Harassment,0,0,0,0,0,0,0,0,0,0,0,0
1457,Meghalaya,2002,Sexual harassment,05. Sexual Harassment,0,0,0,0,0,0,0,1,0,0,1,1
1458,Mizoram,2002,Sexual harassment,05. Sexual Harassment,0,0,1,1,1,0,0,0,0,1,0,1
1459,Nagaland,2002,Sexual harassment,05. Sexual Harassment,0,0,0,0,0,0,0,0,0,0,0,0
1460,Odisha,2002,Sexual harassment,05. Sexual Harassment,157,0,244,247,18,5,2,691,0,175,619,866
1461,Puducherry,2002,Sexual harassment,05. Sexual Harassment,0,6,35,33,22,0,2,31,0,22,26,59
1462,Punjab,2002,Sexual harassment,05. Sexual Harassment,32,0,185,167,92,35,37,100,16,124,57,224
1463,Rajasthan,2002,Sexual harassment,05. Sexual Harassment,28,26,62,62,62,0,0,235,0,90,289,351
1464,Sikkim,2002,Sexual harassment,05. Sexual Harassment,2,0,0,3,2,6,3,0,0,4,1,4
1465,Tamil Nadu,2002,Sexual harassment,05. Sexual Harassment,189,8,1857,1859,1631,24,21,689,1,1820,658,2517
1466,Tripura,2002,Sexual harassment,05. Sexual Harassment,0,0,0,0,0,0,0,0,0,0,0,0
1467,Uttar Pradesh,2002,Sexual harassment,05. Sexual Harassment,1463,67,2771,2840,2035,96,8,6053,19,3498,6778,9618
1468,Uttarakhand,2002,Sexual harassment,05. Sexual Harassment,17,0,135,138,71,4,0,261,1,88,211,349
1469,West Bengal,2002,Sexual harassment,05. Sexual Harassment,37,0,49,47,3,29,29,67,2,40,60,107
1470,Andaman & Nicobar Islands,2003,Sexual harassment,05. Sexual Harassment,0,0,2,2,0,0,0,11,0,0,9,11
1471,Andhra Pradesh,2003,Sexual harassment,05. Sexual Harassment,1031,394,3066,2978,1068,772,770,2553,90,2099,2068,5046
1472,Arunachal Pradesh,2003,Sexual harassment,05. Sexual Harassment,0,0,0,0,0,4,4,5,0,0,5,5
1473,Assam,2003,Sexual harassment,05. Sexual Harassment,14,0,6,5,0,13,5,22,9,14,31,36
1474,Bihar,2003,Sexual harassment,05. Sexual Harassment,62,2,20,37,13,27,10,106,0,75,146,183
1475,Chandigarh,2003,Sexual harassment,05. Sexual Harassment,7,0,3,1,4,0,1,32,1,11,42,43
1476,Chhattisgarh,2003,Sexual harassment,05. Sexual Harassment,59,115,155,152,73,10,13,668,0,132,763,915
1477,Dadra & Nagar Haveli,2003,Sexual harassment,05. Sexual Harassment,0,0,0,0,0,0,0,1,0,0,1,1
1478,Daman & Diu,2003,Sexual harassment,05. Sexual Harassment,0,0,0,0,0,0,0,0,0,0,0,0
1479,Delhi,2003,Sexual harassment,05. Sexual Harassment,44,0,113,143,104,98,68,563,0,148,568,711
1480,Goa,2003,Sexual harassment,05. Sexual Harassment,7,1,6,8,1,5,3,24,0,8,25,33
1481,Gujarat,2003,Sexual harassment,05. Sexual Harassment,62,4,111,109,11,3,5,907,0,73,875,984
1482,Haryana,2003,Sexual harassment,05. Sexual Harassment,202,0,1347,1360,1215,13,0,977,0,1417,1034,2394
1483,Himachal Pradesh,2003,Sexual harassment,05. Sexual Harassment,26,1,18,18,1,2,1,143,1,27,153,171
1484,Jammu & Kashmir,2003,Sexual harassment,05. Sexual Harassment,160,3,471,473,180,7,5,1169,0,340,1039,1512
1485,Jharkhand,2003,Sexual harassment,05. Sexual Harassment,1,3,29,27,4,3,5,159,0,5,140,167
1486,Karnataka,2003,Sexual harassment,05. Sexual Harassment,45,19,57,53,17,3,7,122,0,62,150,203
1487,Kerala,2003,Sexual harassment,05. Sexual Harassment,45,24,222,178,15,7,51,376,0,60,282,460
1488,Lakshadweep,2003,Sexual harassment,05. Sexual Harassment,0,0,0,0,0,0,0,0,0,0,0,0
1489,Madhya Pradesh,2003,Sexual harassment,05. Sexual Harassment,401,229,907,908,279,1,0,2876,0,680,2877,3785
1490,Maharashtra,2003,Sexual harassment,05. Sexual Harassment,532,234,951,917,41,58,92,7283,0,573,7173,8090
1491,Manipur,2003,Sexual harassment,05. Sexual Harassment,0,0,0,0,0,0,0,0,0,0,0,0
1492,Meghalaya,2003,Sexual harassment,05. Sexual Harassment,0,0,1,0,0,0,0,1,1,0,1,1
1493,Mizoram,2003,Sexual harassment,05. Sexual Harassment,0,0,0,0,0,0,0,0,0,0,0,0
1494,Nagaland,2003,Sexual harassment,05. Sexual Harassment,0,2,5,2,0,0,0,0,3,0,0,2
1495,Odisha,2003,Sexual harassment,05. Sexual Harassment,161,0,299,299,52,2,2,777,0,213,691,990
1496,Puducherry,2003,Sexual harassment,05. Sexual Harassment,13,5,43,44,16,2,1,41,0,29,31,75
1497,Punjab,2003,Sexual harassment,05. Sexual Harassment,46,0,225,170,62,37,43,162,49,108,100,270
1498,Rajasthan,2003,Sexual harassment,05. Sexual Harassment,42,38,33,33,51,0,0,137,0,93,235,268
1499,Sikkim,2003,Sexual harassment,05. Sexual Harassment,3,0,0,3,0,3,0,0,0,3,0,3
1500,Tamil Nadu,2003,Sexual harassment,05. Sexual Harassment,174,1,884,822,525,21,82,820,1,699,698,1520
1501,Tripura,2003,Sexual harassment,05. Sexual Harassment,0,0,0,0,0,0,0,0,0,0,0,0
1502,Uttar Pradesh,2003,Sexual harassment,05. Sexual Harassment,1317,119,6126,6113,2904,8,19,7826,2,4221,6053,12166
1503,Uttarakhand,2003,Sexual harassment,05. Sexual Harassment,32,25,167,164,118,0,1,250,2,150,261,425
1504,West Bengal,2003,Sexual harassment,05. Sexual Harassment,43,0,84,62,7,29,30,79,21,50,67,129
1505,Andaman & Nicobar Islands,2004,Sexual harassment,05. Sexual Harassment,1,0,3,2,0,0,1,12,0,1,11,13
1506,Andhra Pradesh,2004,Sexual harassment,05. Sexual Harassment,829,403,2528,2345,1135,770,850,2531,103,1964,2553,4898
1507,Arunachal Pradesh,2004,Sexual harassment,05. Sexual Harassment,0,0,0,4,0,4,0,9,0,0,5,9
1508,Assam,2004,Sexual harassment,05. Sexual Harassment,9,0,19,15,2,5,6,26,3,11,22,37
1509,Bihar,2004,Sexual harassment,05. Sexual Harassment,21,46,18,21,4,10,1,56,6,25,106,127
1510,Chandigarh,2004,Sexual harassment,05. Sexual Harassment,8,0,24,15,4,1,10,35,0,12,32,47
1511,Chhattisgarh,2004,Sexual harassment,05. Sexual Harassment,174,74,155,156,93,13,2,483,10,267,668,824
1512,Dadra & Nagar Haveli,2004,Sexual harassment,05. Sexual Harassment,0,0,0,0,0,0,0,1,0,0,1,1
1513,Daman & Diu,2004,Sexual harassment,05. Sexual Harassment,0,0,0,0,0,0,0,0,0,0,0,0
1514,Delhi,2004,Sexual harassment,05. Sexual Harassment,50,0,137,129,40,68,72,602,4,90,563,692
1515,Goa,2004,Sexual harassment,05. Sexual Harassment,5,3,17,10,0,3,10,26,0,5,24,34
1516,Gujarat,2004,Sexual harassment,05. Sexual Harassment,50,3,251,253,16,5,3,1091,0,66,907,1160
1517,Haryana,2004,Sexual harassment,05. Sexual Harassment,172,0,959,938,904,0,21,839,0,1076,977,1915
1518,Himachal Pradesh,2004,Sexual harassment,05. Sexual Harassment,4,16,17,16,4,1,2,135,0,8,143,159
1519,Jammu & Kashmir,2004,Sexual harassment,05. Sexual Harassment,231,0,319,319,107,5,5,1150,0,338,1169,1488
1520,Jharkhand,2004,Sexual harassment,05. Sexual Harassment,1,3,29,27,4,5,7,178,0,5,159,186
1521,Karnataka,2004,Sexual harassment,05. Sexual Harassment,49,4,63,69,47,7,1,91,0,96,122,191
1522,Kerala,2004,Sexual harassment,05. Sexual Harassment,93,21,148,92,18,51,107,336,0,111,376,468
1523,Lakshadweep,2004,Sexual harassment,05. Sexual Harassment,0,0,0,0,0,0,0,0,0,0,0,0
1524,Madhya Pradesh,2004,Sexual harassment,05. Sexual Harassment,396,227,1032,1031,273,0,1,3011,0,669,2876,3907
1525,Maharashtra,2004,Sexual harassment,05. Sexual Harassment,419,127,1092,1060,14,92,121,7783,3,433,7283,8343
1526,Manipur,2004,Sexual harassment,05. Sexual Harassment,0,0,0,0,0,0,0,0,0,0,0,0
1527,Meghalaya,2004,Sexual harassment,05. Sexual Harassment,0,0,0,0,0,0,0,1,0,0,1,1
1528,Mizoram,2004,Sexual harassment,05. Sexual Harassment,0,0,0,0,0,0,0,0,0,0,0,0
1529,Nagaland,2004,Sexual harassment,05. Sexual Harassment,0,0,0,0,0,0,0,0,0,0,0,0
1530,Odisha,2004,Sexual harassment,05. Sexual Harassment,134,0,255,248,31,2,9,860,0,165,777,1025
1531,Puducherry,2004,Sexual harassment,05. Sexual Harassment,7,11,41,42,10,1,0,55,0,17,41,83
1532,Punjab,2004,Sexual harassment,05. Sexual Harassment,28,5,43,64,66,43,8,127,14,94,162,226
1533,Rajasthan,2004,Sexual harassment,05. Sexual Harassment,24,7,51,51,31,0,0,126,0,55,137,188
1534,Sikkim,2004,Sexual harassment,05. Sexual Harassment,0,0,0,0,0,0,0,0,0,0,0,0
1535,Tamil Nadu,2004,Sexual harassment,05. Sexual Harassment,284,4,1037,1071,696,82,45,907,3,980,820,1891
1536,Tripura,2004,Sexual harassment,05. Sexual Harassment,0,0,0,0,0,0,0,0,0,0,0,0
1537,Uttar Pradesh,2004,Sexual harassment,05. Sexual Harassment,875,70,4176,4159,2351,19,15,8689,21,3226,7826,11985
1538,Uttarakhand,2004,Sexual harassment,05. Sexual Harassment,5,0,267,258,60,1,7,443,3,65,250,508
1539,West Bengal,2004,Sexual harassment,05. Sexual Harassment,36,0,90,64,3,30,55,104,1,39,79,143
1540,Andaman & Nicobar Islands,2005,Sexual harassment,05. Sexual Harassment,3,0,3,2,0,1,2,11,0,3,12,14
1541,Andhra Pradesh,2005,Sexual harassment,05. Sexual Harassment,1234,347,2963,2856,1214,850,894,2592,63,2448,2531,5387
1542,Arunachal Pradesh,2005,Sexual harassment,05. Sexual Harassment,0,0,0,0,0,0,0,9,0,0,9,9
1543,Assam,2005,Sexual harassment,05. Sexual Harassment,17,0,9,6,1,6,4,14,5,18,26,32
1544,Bihar,2005,Sexual harassment,05. Sexual Harassment,20,0,27,18,1,1,7,53,3,21,56,74
1545,Chandigarh,2005,Sexual harassment,05. Sexual Harassment,1,0,13,21,2,10,2,53,0,3,35,56
1546,Chhattisgarh,2005,Sexual harassment,05. Sexual Harassment,95,18,173,175,50,2,0,495,0,145,483,658
1547,Dadra & Nagar Haveli,2005,Sexual harassment,05. Sexual Harassment,0,0,0,0,0,0,0,1,0,0,1,1
1548,Daman & Diu,2005,Sexual harassment,05. Sexual Harassment,0,0,0,0,0,0,0,0,0,0,0,0
1549,Delhi,2005,Sexual harassment,05. Sexual Harassment,124,0,255,221,35,72,90,664,16,159,602,823
1550,Goa,2005,Sexual harassment,05. Sexual Harassment,3,8,9,10,0,10,3,25,6,3,26,36
1551,Gujarat,2005,Sexual harassment,05. Sexual Harassment,58,7,125,125,13,3,1,1138,2,71,1091,1216
1552,Haryana,2005,Sexual harassment,05. Sexual Harassment,107,0,755,768,392,21,8,1108,0,499,839,1607
1553,Himachal Pradesh,2005,Sexual harassment,05. Sexual Harassment,15,2,34,35,4,2,1,149,0,19,135,170
1554,Jammu & Kashmir,2005,Sexual harassment,05. Sexual Harassment,216,2,442,400,92,5,2,1240,45,308,1150,1550
1555,Jharkhand,2005,Sexual harassment,05. Sexual Harassment,34,0,88,21,11,7,46,154,28,45,178,199
1556,Karnataka,2005,Sexual harassment,05. Sexual Harassment,35,5,53,51,2,1,2,100,1,37,91,142
1557,Kerala,2005,Sexual harassment,05. Sexual Harassment,160,15,198,282,45,107,23,398,0,205,336,618
1558,Lakshadweep,2005,Sexual harassment,05. Sexual Harassment,0,0,0,0,0,0,0,0,0,0,0,0
1559,Madhya Pradesh,2005,Sexual harassment,05. Sexual Harassment,387,207,878,876,254,1,3,3039,0,641,3011,3887
1560,Maharashtra,2005,Sexual harassment,05. Sexual Harassment,502,129,1256,1229,39,121,145,8342,3,541,7783,9012
1561,Manipur,2005,Sexual harassment,05. Sexual Harassment,0,0,0,0,0,0,0,0,0,0,0,0
1562,Meghalaya,2005,Sexual harassment,05. Sexual Harassment,0,0,0,0,0,0,0,1,0,0,1,1
1563,Mizoram,2005,Sexual harassment,05. Sexual Harassment,0,0,6,3,2,0,3,1,0,2,0,3
1564,Nagaland,2005,Sexual harassment,05. Sexual Harassment,0,0,0,0,0,0,0,0,0,0,0,0
1565,Odisha,2005,Sexual harassment,05. Sexual Harassment,85,0,293,293,12,9,9,1056,0,97,860,1153
1566,Puducherry,2005,Sexual harassment,05. Sexual Harassment,12,6,30,30,14,0,0,53,0,26,55,85
1567,Punjab,2005,Sexual harassment,05. Sexual Harassment,22,0,42,27,7,8,12,125,11,29,127,154
1568,Rajasthan,2005,Sexual harassment,05. Sexual Harassment,17,3,38,38,19,0,0,125,0,36,126,164
1569,Sikkim,2005,Sexual harassment,05. Sexual Harassment,0,0,0,0,0,0,0,0,0,0,0,0
1570,Tamil Nadu,2005,Sexual harassment,05. Sexual Harassment,341,0,787,809,446,45,20,929,3,787,907,1716
1571,Tripura,2005,Sexual harassment,05. Sexual Harassment,1,0,1,1,0,0,0,0,0,1,0,1
1572,Uttar Pradesh,2005,Sexual harassment,05. Sexual Harassment,983,86,4469,4373,2908,15,65,9085,46,3891,8689,13062
1573,Uttarakhand,2005,Sexual harassment,05. Sexual Harassment,22,0,179,184,41,7,2,564,0,63,443,627
1574,West Bengal,2005,Sexual harassment,05. Sexual Harassment,42,0,66,65,3,55,40,124,16,45,104,169
1575,Andaman & Nicobar Islands,2006,Sexual harassment,05. Sexual Harassment,1,0,6,8,0,2,0,18,0,1,11,19
1576,Andhra Pradesh,2006,Sexual harassment,05. Sexual Harassment,1148,614,2816,2790,759,894,868,2861,52,1907,2592,5382
1577,Arunachal Pradesh,2006,Sexual harassment,05. Sexual Harassment,3,0,2,1,0,0,1,7,0,3,9,10
1578,Assam,2006,Sexual harassment,05. Sexual Harassment,6,0,10,8,0,4,4,16,2,6,14,22
1579,Bihar,2006,Sexual harassment,05. Sexual Harassment,27,0,55,47,10,7,15,63,0,37,53,100
1580,Chandigarh,2006,Sexual harassment,05. Sexual Harassment,1,0,20,20,3,2,2,69,0,4,53,73
1581,Chhattisgarh,2006,Sexual harassment,05. Sexual Harassment,62,19,179,178,41,0,1,551,0,103,495,673
1582,Dadra & Nagar Haveli,2006,Sexual harassment,05. Sexual Harassment,0,0,1,1,0,0,0,2,0,0,1,2
1583,Daman & Diu,2006,Sexual harassment,05. Sexual Harassment,0,0,0,0,0,0,0,0,0,0,0,0
1584,Delhi,2006,Sexual harassment,05. Sexual Harassment,144,0,163,41,33,90,185,528,27,177,664,705
1585,Goa,2006,Sexual harassment,05. Sexual Harassment,3,2,6,6,0,3,3,26,0,3,25,31
1586,Gujarat,2006,Sexual harassment,05. Sexual Harassment,55,3,143,139,19,1,5,1200,0,74,1138,1277
1587,Haryana,2006,Sexual harassment,05. Sexual Harassment,97,0,584,581,384,8,11,1208,0,481,1108,1689
1588,Himachal Pradesh,2006,Sexual harassment,05. Sexual Harassment,19,3,34,35,5,1,0,157,0,24,149,184
1589,Jammu & Kashmir,2006,Sexual harassment,05. Sexual Harassment,229,3,469,469,119,2,2,1358,0,348,1240,1709
1590,Jharkhand,2006,Sexual harassment,05. Sexual Harassment,11,6,33,66,5,46,13,198,0,16,154,220
1591,Karnataka,2006,Sexual harassment,05. Sexual Harassment,32,5,42,40,7,2,1,96,3,39,100,140
1592,Kerala,2006,Sexual harassment,05. Sexual Harassment,110,8,230,220,19,23,33,481,0,129,398,618
1593,Lakshadweep,2006,Sexual harassment,05. Sexual Harassment,0,0,0,0,0,0,0,0,0,0,0,0
1594,Madhya Pradesh,2006,Sexual harassment,05. Sexual Harassment,372,226,970,973,467,3,0,2947,0,839,3039,4012
1595,Maharashtra,2006,Sexual harassment,05. Sexual Harassment,473,125,1195,1188,43,145,149,8889,3,516,8342,9530
1596,Manipur,2006,Sexual harassment,05. Sexual Harassment,0,0,0,0,0,0,0,0,0,0,0,0
1597,Meghalaya,2006,Sexual harassment,05. Sexual Harassment,0,0,0,0,0,0,0,1,0,0,1,1
1598,Mizoram,2006,Sexual harassment,05. Sexual Harassment,0,0,0,3,3,3,0,1,0,3,1,4
1599,Nagaland,2006,Sexual harassment,05. Sexual Harassment,0,0,2,2,2,0,0,0,0,2,0,2
1600,Odisha,2006,Sexual harassment,05. Sexual Harassment,190,0,311,306,20,9,14,1152,0,210,1056,1362
1601,Puducherry,2006,Sexual harassment,05. Sexual Harassment,6,7,70,70,9,0,0,101,0,15,53,123
1602,Punjab,2006,Sexual harassment,05. Sexual Harassment,73,0,75,63,29,12,21,86,3,102,125,188
1603,Rajasthan,2006,Sexual harassment,05. Sexual Harassment,13,5,33,33,16,0,0,124,0,29,125,158
1604,Sikkim,2006,Sexual harassment,05. Sexual Harassment,0,0,0,0,0,0,0,0,0,0,0,0
1605,Tamil Nadu,2006,Sexual harassment,05. Sexual Harassment,378,0,857,838,348,20,39,1041,0,726,929,1767
1606,Tripura,2006,Sexual harassment,05. Sexual Harassment,0,0,0,0,0,0,0,0,0,0,0,0
1607,Uttar Pradesh,2006,Sexual harassment,05. Sexual Harassment,915,111,3852,3825,2312,65,37,9572,55,3227,9085,12910
1608,Uttarakhand,2006,Sexual harassment,05. Sexual Harassment,33,103,186,185,94,2,3,519,0,127,564,749
1609,West Bengal,2006,Sexual harassment,05. Sexual Harassment,80,3,76,55,20,40,52,76,9,100,124,179
1610,Andaman & Nicobar Islands,2007,Sexual harassment,05. Sexual Harassment,0,0,0,0,0,0,0,18,0,0,18,18
1611,Andhra Pradesh,2007,Sexual harassment,05. Sexual Harassment,1455,697,3614,3654,964,868,738,3399,90,2419,2861,6515
1612,Arunachal Pradesh,2007,Sexual harassment,05. Sexual Harassment,0,0,5,6,0,1,0,13,0,0,7,13
1613,Assam,2007,Sexual harassment,05. Sexual Harassment,14,0,16,7,2,4,7,7,6,16,16,23
1614,Bihar,2007,Sexual harassment,05. Sexual Harassment,16,0,19,18,2,15,11,63,5,18,63,81
1615,Chandigarh,2007,Sexual harassment,05. Sexual Harassment,13,0,15,10,0,2,4,66,3,13,69,79
1616,Chhattisgarh,2007,Sexual harassment,05. Sexual Harassment,57,36,129,130,30,1,0,558,0,87,551,681
1617,Dadra & Nagar Haveli,2007,Sexual harassment,05. Sexual Harassment,0,0,0,0,0,0,0,2,0,0,2,2
1618,Daman & Diu,2007,Sexual harassment,05. Sexual Harassment,0,0,0,0,0,0,0,0,0,0,0,0
1619,Delhi,2007,Sexual harassment,05. Sexual Harassment,151,0,181,179,48,185,169,508,18,199,528,707
1620,Goa,2007,Sexual harassment,05. Sexual Harassment,7,0,6,8,1,3,1,26,0,8,26,34
1621,Gujarat,2007,Sexual harassment,05. Sexual Harassment,73,5,179,157,9,5,27,1270,0,82,1200,1357
1622,Haryana,2007,Sexual harassment,05. Sexual Harassment,164,0,576,575,269,11,12,1350,0,433,1208,1783
1623,Himachal Pradesh,2007,Sexual harassment,05. Sexual Harassment,22,2,12,8,1,0,4,140,0,23,157,165
1624,Jammu & Kashmir,2007,Sexual harassment,05. Sexual Harassment,176,6,465,466,117,2,1,1525,0,293,1358,1824
1625,Jharkhand,2007,Sexual harassment,05. Sexual Harassment,142,0,23,24,0,13,12,80,0,142,198,222
1626,Karnataka,2007,Sexual harassment,05. Sexual Harassment,25,6,44,40,9,1,5,96,0,34,96,136
1627,Kerala,2007,Sexual harassment,05. Sexual Harassment,117,15,281,284,16,33,30,617,0,133,481,765
1628,Lakshadweep,2007,Sexual harassment,05. Sexual Harassment,0,0,0,0,0,0,0,0,0,0,0,0
1629,Madhya Pradesh,2007,Sexual harassment,05. Sexual Harassment,392,356,1104,1104,455,0,0,2848,0,847,2947,4051
1630,Maharashtra,2007,Sexual harassment,05. Sexual Harassment,584,101,1291,1242,33,149,196,9413,2,617,8889,10131
1631,Manipur,2007,Sexual harassment,05. Sexual Harassment,0,0,0,0,0,0,0,0,0,0,0,0
1632,Meghalaya,2007,Sexual harassment,05. Sexual Harassment,0,0,0,0,0,0,0,1,0,0,1,1
1633,Mizoram,2007,Sexual harassment,05. Sexual Harassment,0,0,0,0,0,0,0,1,0,0,1,1
1634,Nagaland,2007,Sexual harassment,05. Sexual Harassment,0,0,1,1,0,0,0,1,0,0,0,1
1635,Odisha,2007,Sexual harassment,05. Sexual Harassment,141,0,317,315,24,14,16,1302,0,165,1152,1467
1636,Puducherry,2007,Sexual harassment,05. Sexual Harassment,9,13,52,52,23,0,0,108,0,32,101,153
1637,Punjab,2007,Sexual harassment,05. Sexual Harassment,18,0,59,62,21,21,12,109,6,39,86,148
1638,Rajasthan,2007,Sexual harassment,05. Sexual Harassment,15,6,34,34,15,0,0,122,0,30,124,158
1639,Sikkim,2007,Sexual harassment,05. Sexual Harassment,0,0,0,0,0,0,0,0,0,0,0,0
1640,Tamil Nadu,2007,Sexual harassment,05. Sexual Harassment,420,0,931,921,333,39,48,1209,1,753,1041,1962
1641,Tripura,2007,Sexual harassment,05. Sexual Harassment,1,0,4,4,0,0,0,3,0,1,0,4
1642,Uttar Pradesh,2007,Sexual harassment,05. Sexual Harassment,1202,259,4149,4124,2301,37,26,9934,36,3503,9572,13696
1643,Uttarakhand,2007,Sexual harassment,05. Sexual Harassment,6,79,128,123,62,3,6,495,2,68,519,642
1644,West Bengal,2007,Sexual harassment,05. Sexual Harassment,61,6,118,98,26,52,56,81,16,87,76,174
1645,Andaman & Nicobar Islands,2008,Sexual harassment,05. Sexual Harassment,0,0,4,2,0,0,2,20,0,0,18,20
1646,Andhra Pradesh,2008,Sexual harassment,05. Sexual Harassment,1659,614,3240,3260,636,738,685,3750,33,2295,3399,6659
1647,Arunachal Pradesh,2008,Sexual harassment,05. Sexual Harassment,0,0,1,1,0,0,0,14,0,0,13,14
1648,Assam,2008,Sexual harassment,05. Sexual Harassment,1,0,2,2,0,7,7,8,0,1,7,9
1649,Bihar,2008,Sexual harassment,05. Sexual Harassment,4,0,30,28,3,11,13,84,0,7,63,91
1650,Chandigarh,2008,Sexual harassment,05. Sexual Harassment,1,0,3,7,6,4,0,66,0,7,66,73
1651,Chhattisgarh,2008,Sexual harassment,05. Sexual Harassment,48,26,165,162,40,0,3,606,0,88,558,720
1652,Dadra & Nagar Haveli,2008,Sexual harassment,05. Sexual Harassment,1,0,0,0,0,0,0,1,0,1,2,2
1653,Daman & Diu,2008,Sexual harassment,05. Sexual Harassment,0,0,0,0,0,0,0,0,0,0,0,0
1654,Delhi,2008,Sexual harassment,05. Sexual Harassment,99,0,141,163,68,169,143,504,4,167,508,671
1655,Goa,2008,Sexual harassment,05. Sexual Harassment,4,1,12,8,0,1,4,29,1,4,26,34
1656,Gujarat,2008,Sexual harassment,05. Sexual Harassment,129,4,161,181,12,27,7,1306,0,141,1270,1451
1657,Haryana,2008,Sexual harassment,05. Sexual Harassment,145,1,731,716,451,12,27,1469,0,596,1350,2066
1658,Himachal Pradesh,2008,Sexual harassment,05. Sexual Harassment,14,3,55,45,8,4,14,160,0,22,140,185
1659,Jammu & Kashmir,2008,Sexual harassment,05. Sexual Harassment,140,7,401,400,96,1,2,1682,0,236,1525,1925
1660,Jharkhand,2008,Sexual harassment,05. Sexual Harassment,82,0,63,55,1,12,20,52,0,83,80,135
1661,Karnataka,2008,Sexual harassment,05. Sexual Harassment,33,8,38,41,10,5,2,87,0,43,97,138
1662,Kerala,2008,Sexual harassment,05. Sexual Harassment,104,20,302,293,46,30,39,740,0,150,617,910
1663,Lakshadweep,2008,Sexual harassment,05. Sexual Harassment,0,0,0,0,0,0,0,0,0,0,0,0
1664,Madhya Pradesh,2008,Sexual harassment,05. Sexual Harassment,539,238,958,956,452,0,2,2575,0,991,2848,3804
1665,Maharashtra,2008,Sexual harassment,05. Sexual Harassment,673,131,1352,1351,76,196,197,9884,0,749,9413,10764
1666,Manipur,2008,Sexual harassment,05. Sexual Harassment,0,0,0,0,0,0,0,0,0,0,0,0
1667,Meghalaya,2008,Sexual harassment,05. Sexual Harassment,0,0,2,1,0,0,0,2,1,0,1,2
1668,Mizoram,2008,Sexual harassment,05. Sexual Harassment,0,0,0,0,0,0,0,1,0,0,1,1
1669,Nagaland,2008,Sexual harassment,05. Sexual Harassment,0,0,0,0,2,0,0,0,0,2,2,2
1670,Odisha,2008,Sexual harassment,05. Sexual Harassment,160,0,352,356,28,16,12,1470,0,188,1302,1658
1671,Puducherry,2008,Sexual harassment,05. Sexual Harassment,2,2,28,28,11,0,0,121,0,13,108,136
1672,Punjab,2008,Sexual harassment,05. Sexual Harassment,26,0,61,37,22,12,35,98,1,48,109,146
1673,Rajasthan,2008,Sexual harassment,05. Sexual Harassment,17,4,15,15,24,0,0,92,0,41,122,137
1674,Sikkim,2008,Sexual harassment,05. Sexual Harassment,0,0,0,0,0,0,0,0,0,0,0,0
1675,Tamil Nadu,2008,Sexual harassment,05. Sexual Harassment,560,0,1245,1101,379,48,191,1371,1,939,1209,2310
1676,Tripura,2008,Sexual harassment,05. Sexual Harassment,1,0,8,6,0,0,0,8,2,1,3,9
1677,Uttar Pradesh,2008,Sexual harassment,05. Sexual Harassment,1255,256,4958,4876,3179,26,37,10120,71,4434,9934,14810
1678,Uttarakhand,2008,Sexual harassment,05. Sexual Harassment,2,6,459,443,250,6,22,680,0,252,495,938
1679,West Bengal,2008,Sexual harassment,05. Sexual Harassment,62,6,156,125,23,56,84,115,3,85,81,206
1680,Andaman & Nicobar Islands,2009,Sexual harassment,05. Sexual Harassment,0,0,8,4,0,2,6,24,0,0,20,24
1681,Andhra Pradesh,2009,Sexual harassment,05. Sexual Harassment,1911,978,4178,3848,681,685,938,4028,77,2592,3750,7598
1682,Arunachal Pradesh,2009,Sexual harassment,05. Sexual Harassment,0,0,2,2,0,0,0,16,0,0,14,16
1683,Assam,2009,Sexual harassment,05. Sexual Harassment,5,0,15,7,3,7,9,7,6,8,8,15
1684,Bihar,2009,Sexual harassment,05. Sexual Harassment,31,0,16,20,0,13,9,73,0,31,84,104
1685,Chandigarh,2009,Sexual harassment,05. Sexual Harassment,8,0,6,1,6,0,0,53,5,14,66,67
1686,Chhattisgarh,2009,Sexual harassment,05. Sexual Harassment,81,23,235,233,56,3,5,679,0,137,606,839
1687,Dadra & Nagar Haveli,2009,Sexual harassment,05. Sexual Harassment,0,0,0,0,0,0,0,1,0,0,1,1
1688,Daman & Diu,2009,Sexual harassment,05. Sexual Harassment,0,0,1,1,0,0,0,1,0,0,0,1
1689,Delhi,2009,Sexual harassment,05. Sexual Harassment,60,0,132,151,68,143,121,527,3,128,504,655
1690,Goa,2009,Sexual harassment,05. Sexual Harassment,9,0,10,7,0,4,7,27,0,9,29,36
1691,Gujarat,2009,Sexual harassment,05. Sexual Harassment,82,0,188,190,22,7,5,1392,0,104,1306,1496
1692,Haryana,2009,Sexual harassment,05. Sexual Harassment,191,0,717,717,396,27,27,1599,0,587,1469,2186
1693,Himachal Pradesh,2009,Sexual harassment,05. Sexual Harassment,8,7,40,51,1,14,0,195,3,9,160,211
1694,Jammu & Kashmir,2009,Sexual harassment,05. Sexual Harassment,181,31,512,511,114,2,3,1867,0,295,1682,2193
1695,Jharkhand,2009,Sexual harassment,05. Sexual Harassment,15,0,38,35,14,20,23,58,0,29,52,87
1696,Karnataka,2009,Sexual harassment,05. Sexual Harassment,24,6,40,39,1,2,3,95,0,25,87,126
1697,Kerala,2009,Sexual harassment,05. Sexual Harassment,158,14,456,445,68,39,50,945,0,226,740,1185
1698,Lakshadweep,2009,Sexual harassment,05. Sexual Harassment,0,0,0,0,0,0,0,0,0,0,0,0
1699,Madhya Pradesh,2009,Sexual harassment,05. Sexual Harassment,273,207,1047,1042,285,2,7,2852,0,558,2575,3617
1700,Maharashtra,2009,Sexual harassment,05. Sexual Harassment,602,104,1337,1275,23,197,256,10430,3,625,9884,11159
1701,Manipur,2009,Sexual harassment,05. Sexual Harassment,0,0,1,0,0,0,1,0,0,0,0,0
1702,Meghalaya,2009,Sexual harassment,05. Sexual Harassment,0,1,1,1,1,0,0,1,0,1,2,3
1703,Mizoram,2009,Sexual harassment,05. Sexual Harassment,0,0,1,1,0,0,0,2,0,0,1,2
1704,Nagaland,2009,Sexual harassment,05. Sexual Harassment,0,0,0,0,0,0,0,0,0,0,0,0
1705,Odisha,2009,Sexual harassment,05. Sexual Harassment,158,0,297,290,19,12,19,1583,0,177,1470,1760
1706,Puducherry,2009,Sexual harassment,05. Sexual Harassment,10,2,21,21,9,0,0,121,0,19,121,142
1707,Punjab,2009,Sexual harassment,05. Sexual Harassment,26,0,50,40,18,35,44,94,1,44,98,138
1708,Rajasthan,2009,Sexual harassment,05. Sexual Harassment,10,8,24,24,16,0,0,82,0,26,92,116
1709,Sikkim,2009,Sexual harassment,05. Sexual Harassment,0,0,0,0,0,0,0,0,0,0,0,0
1710,Tamil Nadu,2009,Sexual harassment,05. Sexual Harassment,305,0,568,651,371,191,106,1346,2,676,1371,2022
1711,Tripura,2009,Sexual harassment,05. Sexual Harassment,7,0,10,6,0,0,2,7,2,7,8,14
1712,Uttar Pradesh,2009,Sexual harassment,05. Sexual Harassment,1041,128,3878,3807,2734,37,33,10024,75,3775,10120,13927
1713,Uttarakhand,2009,Sexual harassment,05. Sexual Harassment,13,2,419,431,254,22,10,842,0,267,680,1111
1714,West Bengal,2009,Sexual harassment,05. Sexual Harassment,70,7,120,102,26,84,84,114,18,96,115,217
1715,Andaman & Nicobar Islands,2010,Sexual harassment,05. Sexual Harassment,0,0,14,11,0,6,9,35,0,0,24,35
1716,Andhra Pradesh,2010,Sexual harassment,05. Sexual Harassment,1793,972,3820,3965,861,938,715,4367,78,2654,4028,7993
1717,Arunachal Pradesh,2010,Sexual harassment,05. Sexual Harassment,0,0,1,0,0,0,1,16,0,0,16,16
1718,Assam,2010,Sexual harassment,05. Sexual Harassment,7,0,35,13,6,9,20,7,11,13,7,20
1719,Bihar,2010,Sexual harassment,05. Sexual Harassment,9,3,22,20,0,9,10,81,1,9,73,93
1720,Chandigarh,2010,Sexual harassment,05. Sexual Harassment,11,0,2,0,12,0,2,30,0,23,53,53
1721,Chhattisgarh,2010,Sexual harassment,05. Sexual Harassment,82,31,261,258,65,5,6,759,2,147,679,937
1722,Dadra & Nagar Haveli,2010,Sexual harassment,05. Sexual Harassment,0,0,2,2,0,0,0,3,0,0,1,3
1723,Daman & Diu,2010,Sexual harassment,05. Sexual Harassment,1,0,0,0,0,0,0,2,0,1,3,3
1724,Delhi,2010,Sexual harassment,05. Sexual Harassment,52,0,89,100,74,121,110,501,0,126,527,627
1725,Goa,2010,Sexual harassment,05. Sexual Harassment,4,0,22,21,2,7,6,42,2,6,27,48
1726,Gujarat,2010,Sexual harassment,05. Sexual Harassment,112,5,131,134,13,5,2,1396,0,125,1392,1526
1727,Haryana,2010,Sexual harassment,05. Sexual Harassment,156,0,635,628,408,27,34,1663,0,564,1599,2227
1728,Himachal Pradesh,2010,Sexual harassment,05. Sexual Harassment,14,9,73,65,1,0,8,236,0,15,195,260
1729,Jammu & Kashmir,2010,Sexual harassment,05. Sexual Harassment,134,8,295,295,139,3,3,1881,0,273,1867,2162
1730,Jharkhand,2010,Sexual harassment,05. Sexual Harassment,17,5,20,37,3,23,6,70,0,20,58,95
1731,Karnataka,2010,Sexual harassment,05. Sexual Harassment,27,15,22,21,0,3,4,74,0,27,95,116
1732,Kerala,2010,Sexual harassment,05. Sexual Harassment,190,12,604,617,78,50,37,1282,0,268,945,1562
1733,Lakshadweep,2010,Sexual harassment,05. Sexual Harassment,0,0,0,0,0,0,0,0,0,0,0,0
1734,Madhya Pradesh,2010,Sexual harassment,05. Sexual Harassment,454,254,1182,1183,340,7,5,2987,1,794,2852,4035
1735,Maharashtra,2010,Sexual harassment,05. Sexual Harassment,789,126,1515,1441,42,256,330,10914,0,831,10430,11871
1736,Manipur,2010,Sexual harassment,05. Sexual Harassment,0,0,0,0,0,1,1,0,0,0,0,0
1737,Meghalaya,2010,Sexual harassment,05. Sexual Harassment,0,0,0,0,0,0,0,1,0,0,1,1
1738,Mizoram,2010,Sexual harassment,05. Sexual Harassment,0,0,0,0,2,0,0,0,0,2,2,2
1739,Nagaland,2010,Sexual harassment,05. Sexual Harassment,0,0,3,3,0,0,0,3,0,0,0,3
1740,Odisha,2010,Sexual harassment,05. Sexual Harassment,233,0,354,346,16,19,27,1680,0,249,1583,1929
1741,Puducherry,2010,Sexual harassment,05. Sexual Harassment,17,1,28,26,6,0,0,123,2,23,121,147
1742,Punjab,2010,Sexual harassment,05. Sexual Harassment,16,0,42,36,17,45,49,84,2,33,81,117
1743,Rajasthan,2010,Sexual harassment,05. Sexual Harassment,4,2,22,22,11,0,0,87,0,15,82,104
1744,Sikkim,2010,Sexual harassment,05. Sexual Harassment,0,0,0,0,0,0,0,0,0,0,0,0
1745,Tamil Nadu,2010,Sexual harassment,05. Sexual Harassment,419,0,739,752,353,106,88,1326,5,772,1346,2098
1746,Tripura,2010,Sexual harassment,05. Sexual Harassment,7,0,9,7,0,2,4,7,0,7,7,14
1747,Uttar Pradesh,2010,Sexual harassment,05. Sexual Harassment,1095,0,15,36,3157,33,0,5808,12,4252,10024,10060
1748,Uttarakhand,2010,Sexual harassment,05. Sexual Harassment,79,0,282,291,228,10,1,826,0,307,842,1133
1749,West Bengal,2010,Sexual harassment,05. Sexual Harassment,68,11,165,140,44,84,93,131,16,112,114,254
1750,Andaman & Nicobar Islands,2001,Cruelty by Husband and Relatives,06. Cruelty by Husband and Relatives,6,0,7,9,0,2,0,17,0,6,14,23
1751,Andhra Pradesh,2001,Cruelty by Husband and Relatives,06. Cruelty by Husband and Relatives,4933,1234,9725,8554,1027,2657,3354,13003,474,5960,11643,20197
1752,Arunachal Pradesh,2001,Cruelty by Husband and Relatives,06. Cruelty by Husband and Relatives,0,0,9,10,1,2,1,19,0,1,10,20
1753,Assam,2001,Cruelty by Husband and Relatives,06. Cruelty by Husband and Relatives,409,91,1515,840,59,741,962,3011,454,468,2730,3570
1754,Bihar,2001,Cruelty by Husband and Relatives,06. Cruelty by Husband and Relatives,1512,174,3838,3176,330,1545,1767,7276,440,1842,6116,9292
1755,Chandigarh,2001,Cruelty by Husband and Relatives,06. Cruelty by Husband and Relatives,34,0,33,66,8,62,10,291,19,42,267,333
1756,Chhattisgarh,2001,Cruelty by Husband and Relatives,06. Cruelty by Husband and Relatives,314,51,1439,1443,205,13,9,5161,0,519,4288,5731
1757,Dadra & Nagar Haveli,2001,Cruelty by Husband and Relatives,06. Cruelty by Husband and Relatives,0,0,4,3,0,0,1,39,0,0,36,39
1758,Daman & Diu,2001,Cruelty by Husband and Relatives,06. Cruelty by Husband and Relatives,7,0,13,18,0,6,1,18,0,7,7,25
1759,Delhi,2001,Cruelty by Husband and Relatives,06. Cruelty by Husband and Relatives,136,0,1200,1103,107,298,363,4797,32,243,3937,5040
1760,Goa,2001,Cruelty by Husband and Relatives,06. Cruelty by Husband and Relatives,59,3,36,37,1,8,7,96,0,60,122,159
1761,Gujarat,2001,Cruelty by Husband and Relatives,06. Cruelty by Husband and Relatives,4498,658,10192,10301,127,503,383,46136,11,4625,41118,51419
1762,Haryana,2001,Cruelty by Husband and Relatives,06. Cruelty by Husband and Relatives,2161,0,3134,3154,181,248,222,9789,6,2342,8977,12131
1763,Himachal Pradesh,2001,Cruelty by Husband and Relatives,06. Cruelty by Husband and Relatives,248,138,648,642,10,58,54,2096,10,258,1850,2492
1764,Jammu & Kashmir,2001,Cruelty by Husband and Relatives,06. Cruelty by Husband and Relatives,69,34,110,111,0,2,0,146,1,69,138,249
1765,Jharkhand,2001,Cruelty by Husband and Relatives,06. Cruelty by Husband and Relatives,475,67,943,822,115,513,493,1409,141,590,1244,2066
1766,Karnataka,2001,Cruelty by Husband and Relatives,06. Cruelty by Husband and Relatives,2192,197,3413,3238,110,499,523,7287,151,2302,6548,9786
1767,Kerala,2001,Cruelty by Husband and Relatives,06. Cruelty by Husband and Relatives,2211,235,4288,4234,147,808,830,12766,32,2358,11125,15359
1768,Lakshadweep,2001,Cruelty by Husband and Relatives,06. Cruelty by Husband and Relatives,0,0,0,0,0,0,0,0,0,0,0,0
1769,Madhya Pradesh,2001,Cruelty by Husband and Relatives,06. Cruelty by Husband and Relatives,2092,1495,7155,7173,1322,110,92,23331,0,3414,21067,28240
1770,Maharashtra,2001,Cruelty by Husband and Relatives,06. Cruelty by Husband and Relatives,15151,2629,20940,21246,547,2969,2656,120048,7,15698,117129,138375
1771,Manipur,2001,Cruelty by Husband and Relatives,06. Cruelty by Husband and Relatives,0,0,4,0,0,0,4,0,0,0,0,0
1772,Meghalaya,2001,Cruelty by Husband and Relatives,06. Cruelty by Husband and Relatives,0,0,3,3,0,0,0,6,0,0,3,6
1773,Mizoram,2001,Cruelty by Husband and Relatives,06. Cruelty by Husband and Relatives,0,0,0,0,0,0,0,0,0,0,0,0
1774,Nagaland,2001,Cruelty by Husband and Relatives,06. Cruelty by Husband and Relatives,0,0,0,0,0,0,0,0,0,0,0,0
1775,Odisha,2001,Cruelty by Husband and Relatives,06. Cruelty by Husband and Relatives,1402,0,1972,1904,281,104,159,5626,13,1683,5405,7309
1776,Puducherry,2001,Cruelty by Husband and Relatives,06. Cruelty by Husband and Relatives,6,0,3,5,0,2,0,6,0,6,7,12
1777,Punjab,2001,Cruelty by Husband and Relatives,06. Cruelty by Husband and Relatives,830,88,2746,1786,353,1474,2142,3305,292,1183,2790,4576
1778,Rajasthan,2001,Cruelty by Husband and Relatives,06. Cruelty by Husband and Relatives,3155,887,7082,7068,1805,36,49,25552,1,4960,24331,31399
1779,Sikkim,2001,Cruelty by Husband and Relatives,06. Cruelty by Husband and Relatives,0,0,0,0,0,1,1,0,0,0,0,0
1780,Tamil Nadu,2001,Cruelty by Husband and Relatives,06. Cruelty by Husband and Relatives,575,35,1545,1347,260,267,407,2718,58,835,2241,3588
1781,Tripura,2001,Cruelty by Husband and Relatives,06. Cruelty by Husband and Relatives,98,0,252,197,30,73,78,231,50,128,162,359
1782,Uttar Pradesh,2001,Cruelty by Husband and Relatives,06. Cruelty by Husband and Relatives,4313,2265,19827,17521,5300,1815,2479,41101,1642,9613,35458,52979
1783,Uttarakhand,2001,Cruelty by Husband and Relatives,06. Cruelty by Husband and Relatives,137,49,746,639,278,83,145,1023,45,415,848,1487
1784,West Bengal,2001,Cruelty by Husband and Relatives,06. Cruelty by Husband and Relatives,3675,0,6645,5827,312,3976,3398,30544,1396,3987,28704,34531
1785,Andaman & Nicobar Islands,2002,Cruelty by Husband and Relatives,06. Cruelty by Husband and Relatives,3,0,3,3,0,0,0,17,0,3,17,20
1786,Andhra Pradesh,2002,Cruelty by Husband and Relatives,06. Cruelty by Husband and Relatives,4855,1238,12134,9958,1023,3354,4862,15845,668,5878,13003,22961
1787,Arunachal Pradesh,2002,Cruelty by Husband and Relatives,06. Cruelty by Husband and Relatives,0,1,5,4,0,1,2,22,0,0,19,23
1788,Assam,2002,Cruelty by Husband and Relatives,06. Cruelty by Husband and Relatives,861,105,2108,1422,58,962,1186,3409,462,919,3011,4433
1789,Bihar,2002,Cruelty by Husband and Relatives,06. Cruelty by Husband and Relatives,1202,74,4278,3622,298,1767,1600,9296,823,1500,7248,10870
1790,Chandigarh,2002,Cruelty by Husband and Relatives,06. Cruelty by Husband and Relatives,17,0,51,22,3,10,18,293,21,20,291,313
1791,Chhattisgarh,2002,Cruelty by Husband and Relatives,06. Cruelty by Husband and Relatives,942,194,1519,1507,330,7,19,4250,0,1272,4209,5716
1792,Dadra & Nagar Haveli,2002,Cruelty by Husband and Relatives,06. Cruelty by Husband and Relatives,14,0,8,9,0,1,0,34,0,14,39,48
1793,Daman & Diu,2002,Cruelty by Husband and Relatives,06. Cruelty by Husband and Relatives,5,0,4,2,0,1,3,15,0,5,18,20
1794,Delhi,2002,Cruelty by Husband and Relatives,06. Cruelty by Husband and Relatives,375,0,844,781,95,363,413,5108,13,470,4797,5578
1795,Goa,2002,Cruelty by Husband and Relatives,06. Cruelty by Husband and Relatives,11,5,11,13,6,7,3,87,2,17,96,109
1796,Gujarat,2002,Cruelty by Husband and Relatives,06. Cruelty by Husband and Relatives,4355,934,9413,9362,180,383,425,50029,9,4535,46136,55498
1797,Haryana,2002,Cruelty by Husband and Relatives,06. Cruelty by Husband and Relatives,2540,20,3159,3246,232,222,135,10243,0,2772,9789,13035
1798,Himachal Pradesh,2002,Cruelty by Husband and Relatives,06. Cruelty by Husband and Relatives,317,82,485,472,20,54,60,2149,7,337,2096,2568
1799,Jammu & Kashmir,2002,Cruelty by Husband and Relatives,06. Cruelty by Husband and Relatives,58,23,113,101,0,0,10,166,2,58,146,247
1800,Jharkhand,2002,Cruelty by Husband and Relatives,06. Cruelty by Husband and Relatives,858,67,1125,1066,108,507,484,1104,82,966,1071,2137
1801,Karnataka,2002,Cruelty by Husband and Relatives,06. Cruelty by Husband and Relatives,2526,224,3219,3018,102,523,578,7453,146,2628,7287,10305
1802,Kerala,2002,Cruelty by Husband and Relatives,06. Cruelty by Husband and Relatives,2467,195,5028,5037,152,830,782,14989,39,2619,12766,17803
1803,Lakshadweep,2002,Cruelty by Husband and Relatives,06. Cruelty by Husband and Relatives,0,0,0,0,0,0,0,0,0,0,0,0
1804,Madhya Pradesh,2002,Cruelty by Husband and Relatives,06. Cruelty by Husband and Relatives,2883,1642,8497,8505,1316,92,84,25995,0,4199,23331,31836
1805,Maharashtra,2002,Cruelty by Husband and Relatives,06. Cruelty by Husband and Relatives,15882,1872,20255,21318,541,2656,1584,123071,9,16423,120048,141366
1806,Manipur,2002,Cruelty by Husband and Relatives,06. Cruelty by Husband and Relatives,0,0,11,0,0,4,7,0,8,0,0,0
1807,Meghalaya,2002,Cruelty by Husband and Relatives,06. Cruelty by Husband and Relatives,0,0,0,0,0,0,0,6,0,0,6,6
1808,Mizoram,2002,Cruelty by Husband and Relatives,06. Cruelty by Husband and Relatives,0,0,3,3,1,0,0,2,0,1,0,3
1809,Nagaland,2002,Cruelty by Husband and Relatives,06. Cruelty by Husband and Relatives,0,0,0,0,0,0,0,0,0,0,0,0
1810,Odisha,2002,Cruelty by Husband and Relatives,06. Cruelty by Husband and Relatives,1140,3,2076,2065,217,159,170,6331,0,1357,5626,7691
1811,Puducherry,2002,Cruelty by Husband and Relatives,06. Cruelty by Husband and Relatives,1,0,12,12,0,0,0,17,0,1,6,18
1812,Punjab,2002,Cruelty by Husband and Relatives,06. Cruelty by Husband and Relatives,588,44,2514,2469,220,2142,1942,4922,245,808,3305,5774
1813,Rajasthan,2002,Cruelty by Husband and Relatives,06. Cruelty by Husband and Relatives,4144,1066,7312,7327,2294,49,34,25375,0,6438,25552,32879
1814,Sikkim,2002,Cruelty by Husband and Relatives,06. Cruelty by Husband and Relatives,0,0,3,0,0,1,3,0,1,0,0,0
1815,Tamil Nadu,2002,Cruelty by Husband and Relatives,06. Cruelty by Husband and Relatives,837,20,1797,1788,342,407,379,3307,37,1179,2718,4506
1816,Tripura,2002,Cruelty by Husband and Relatives,06. Cruelty by Husband and Relatives,151,17,249,195,9,78,87,249,45,160,231,426
1817,Uttar Pradesh,2002,Cruelty by Husband and Relatives,06. Cruelty by Husband and Relatives,5874,2407,17126,16953,6296,2479,1266,43477,1386,12170,41101,58054
1818,Uttarakhand,2002,Cruelty by Husband and Relatives,06. Cruelty by Husband and Relatives,77,3,802,485,79,145,105,1349,357,156,1023,1508
1819,West Bengal,2002,Cruelty by Husband and Relatives,06. Cruelty by Husband and Relatives,4314,0,8792,6313,722,3398,4879,31821,998,5036,30544,36857
1820,Andaman & Nicobar Islands,2003,Cruelty by Husband and Relatives,06. Cruelty by Husband and Relatives,2,0,15,6,0,0,5,21,4,2,17,23
1821,Andhra Pradesh,2003,Cruelty by Husband and Relatives,06. Cruelty by Husband and Relatives,8370,2326,15784,15878,1726,4862,4227,19301,541,10096,15845,31723
1822,Arunachal Pradesh,2003,Cruelty by Husband and Relatives,06. Cruelty by Husband and Relatives,0,0,9,6,0,2,2,28,3,0,22,28
1823,Assam,2003,Cruelty by Husband and Relatives,06. Cruelty by Husband and Relatives,1213,213,2473,1672,129,1186,1380,3526,607,1342,3409,5081
1824,Bihar,2003,Cruelty by Husband and Relatives,06. Cruelty by Husband and Relatives,1649,98,3940,3357,297,1600,1378,10609,805,1946,9296,12653
1825,Chandigarh,2003,Cruelty by Husband and Relatives,06. Cruelty by Husband and Relatives,16,0,112,73,0,18,40,350,17,16,293,366
1826,Chhattisgarh,2003,Cruelty by Husband and Relatives,06. Cruelty by Husband and Relatives,337,715,1528,1535,179,19,12,5944,0,516,5640,7175
1827,Dadra & Nagar Haveli,2003,Cruelty by Husband and Relatives,06. Cruelty by Husband and Relatives,0,0,2,1,0,0,1,35,0,0,34,35
1828,Daman & Diu,2003,Cruelty by Husband and Relatives,06. Cruelty by Husband and Relatives,2,0,0,3,0,3,0,16,0,2,15,18
1829,Delhi,2003,Cruelty by Husband and Relatives,06. Cruelty by Husband and Relatives,649,0,2594,2500,97,413,489,6862,18,746,5108,7608
1830,Goa,2003,Cruelty by Husband and Relatives,06. Cruelty by Husband and Relatives,8,5,55,28,1,3,28,101,2,9,87,115
1831,Gujarat,2003,Cruelty by Husband and Relatives,06. Cruelty by Husband and Relatives,4187,642,10818,10723,277,425,503,55646,17,4464,50029,60752
1832,Haryana,2003,Cruelty by Husband and Relatives,06. Cruelty by Husband and Relatives,2266,10,3044,3024,272,135,155,10719,0,2538,10243,13267
1833,Himachal Pradesh,2003,Cruelty by Husband and Relatives,06. Cruelty by Husband and Relatives,288,153,460,459,22,60,55,2145,6,310,2149,2608
1834,Jammu & Kashmir,2003,Cruelty by Husband and Relatives,06. Cruelty by Husband and Relatives,46,34,149,157,23,10,2,220,0,69,166,323
1835,Jharkhand,2003,Cruelty by Husband and Relatives,06. Cruelty by Husband and Relatives,623,75,1025,1076,147,484,349,1335,84,770,1104,2180
1836,Karnataka,2003,Cruelty by Husband and Relatives,06. Cruelty by Husband and Relatives,2775,136,3419,3102,105,578,470,7539,425,2880,7453,10555
1837,Kerala,2003,Cruelty by Husband and Relatives,06. Cruelty by Husband and Relatives,2720,319,5004,4715,209,782,888,16456,183,2929,14989,19704
1838,Lakshadweep,2003,Cruelty by Husband and Relatives,06. Cruelty by Husband and Relatives,0,0,0,0,0,0,0,0,0,0,0,0
1839,Madhya Pradesh,2003,Cruelty by Husband and Relatives,06. Cruelty by Husband and Relatives,2970,1615,8265,8246,1893,78,97,29155,0,4863,27387,35633
1840,Maharashtra,2003,Cruelty by Husband and Relatives,06. Cruelty by Husband and Relatives,14888,1382,19932,19753,454,1584,1756,126100,7,15342,123071,142824
1841,Manipur,2003,Cruelty by Husband and Relatives,06. Cruelty by Husband and Relatives,0,0,10,0,0,7,15,0,2,0,0,0
1842,Meghalaya,2003,Cruelty by Husband and Relatives,06. Cruelty by Husband and Relatives,0,0,1,1,0,0,0,7,0,0,6,7
1843,Mizoram,2003,Cruelty by Husband and Relatives,06. Cruelty by Husband and Relatives,0,0,2,2,3,0,0,1,0,3,2,4
1844,Nagaland,2003,Cruelty by Husband and Relatives,06. Cruelty by Husband and Relatives,0,0,0,0,0,0,0,0,0,0,0,0
1845,Odisha,2003,Cruelty by Husband and Relatives,06. Cruelty by Husband and Relatives,1434,0,2215,2237,235,170,148,6899,0,1669,6331,8568
1846,Puducherry,2003,Cruelty by Husband and Relatives,06. Cruelty by Husband and Relatives,6,0,4,3,0,0,1,14,0,6,17,20
1847,Punjab,2003,Cruelty by Husband and Relatives,06. Cruelty by Husband and Relatives,742,121,2177,1848,419,1942,1986,5488,285,1161,4922,6770
1848,Rajasthan,2003,Cruelty by Husband and Relatives,06. Cruelty by Husband and Relatives,2818,1307,7058,7036,1495,34,54,26791,2,4313,25375,32411
1849,Sikkim,2003,Cruelty by Husband and Relatives,06. Cruelty by Husband and Relatives,0,0,1,3,0,3,1,3,0,0,0,3
1850,Tamil Nadu,2003,Cruelty by Husband and Relatives,06. Cruelty by Husband and Relatives,981,139,2558,2246,349,381,657,4057,36,1330,3280,5526
1851,Tripura,2003,Cruelty by Husband and Relatives,06. Cruelty by Husband and Relatives,176,0,477,322,25,87,140,370,102,201,249,571
1852,Uttar Pradesh,2003,Cruelty by Husband and Relatives,06. Cruelty by Husband and Relatives,3337,1910,7089,7370,3774,1266,848,41826,137,7111,43477,50847
1853,Uttarakhand,2003,Cruelty by Husband and Relatives,06. Cruelty by Husband and Relatives,93,22,854,664,170,105,161,1728,134,263,1349,2013
1854,West Bengal,2003,Cruelty by Husband and Relatives,06. Cruelty by Husband and Relatives,5013,7,9549,8934,257,4879,4573,35478,921,5270,31821,40755
1855,Andaman & Nicobar Islands,2004,Cruelty by Husband and Relatives,06. Cruelty by Husband and Relatives,7,0,15,10,0,5,10,24,0,7,21,31
1856,Andhra Pradesh,2004,Cruelty by Husband and Relatives,06. Cruelty by Husband and Relatives,6544,3241,15583,14539,1651,4227,4671,22404,600,8195,19301,33840
1857,Arunachal Pradesh,2004,Cruelty by Husband and Relatives,06. Cruelty by Husband and Relatives,0,0,4,3,0,2,3,31,0,0,28,31
1858,Assam,2004,Cruelty by Husband and Relatives,06. Cruelty by Husband and Relatives,1779,183,3171,2259,172,1380,1507,3651,785,1951,3526,5785
1859,Bihar,2004,Cruelty by Husband and Relatives,06. Cruelty by Husband and Relatives,1654,117,4123,2969,241,1378,1533,11566,999,1895,10609,13578
1860,Chandigarh,2004,Cruelty by Husband and Relatives,06. Cruelty by Husband and Relatives,26,0,134,94,10,40,36,408,44,36,350,444
1861,Chhattisgarh,2004,Cruelty by Husband and Relatives,06. Cruelty by Husband and Relatives,1008,452,2267,2272,521,12,7,6235,0,1529,5944,8216
1862,Dadra & Nagar Haveli,2004,Cruelty by Husband and Relatives,06. Cruelty by Husband and Relatives,8,0,6,4,0,1,3,31,0,8,35,39
1863,Daman & Diu,2004,Cruelty by Husband and Relatives,06. Cruelty by Husband and Relatives,12,0,8,6,0,0,2,10,0,12,16,22
1864,Delhi,2004,Cruelty by Husband and Relatives,06. Cruelty by Husband and Relatives,352,0,2435,2033,240,489,882,8303,9,592,6862,8895
1865,Goa,2004,Cruelty by Husband and Relatives,06. Cruelty by Husband and Relatives,21,8,45,45,1,28,27,116,1,22,101,146
1866,Gujarat,2004,Cruelty by Husband and Relatives,06. Cruelty by Husband and Relatives,4335,849,12236,12219,135,503,505,62546,15,4470,55646,67865
1867,Haryana,2004,Cruelty by Husband and Relatives,06. Cruelty by Husband and Relatives,2985,6,3427,3289,473,155,291,10544,2,3458,10719,14008
1868,Himachal Pradesh,2004,Cruelty by Husband and Relatives,06. Cruelty by Husband and Relatives,278,81,534,493,21,55,77,2258,19,299,2145,2638
1869,Jammu & Kashmir,2004,Cruelty by Husband and Relatives,06. Cruelty by Husband and Relatives,33,28,172,170,0,2,4,329,0,33,220,390
1870,Jharkhand,2004,Cruelty by Husband and Relatives,06. Cruelty by Husband and Relatives,603,75,1025,1076,147,349,214,1586,84,750,1335,2411
1871,Karnataka,2004,Cruelty by Husband and Relatives,06. Cruelty by Husband and Relatives,2215,209,2795,2791,162,470,358,7744,116,2377,7539,10330
1872,Kerala,2004,Cruelty by Husband and Relatives,06. Cruelty by Husband and Relatives,3650,317,5637,5603,299,888,840,17793,82,3949,16456,22059
1873,Lakshadweep,2004,Cruelty by Husband and Relatives,06. Cruelty by Husband and Relatives,0,0,1,0,0,0,1,0,0,0,0,0
1874,Madhya Pradesh,2004,Cruelty by Husband and Relatives,06. Cruelty by Husband and Relatives,2964,2248,10310,10305,1755,97,102,32493,0,4719,29155,39460
1875,Maharashtra,2004,Cruelty by Husband and Relatives,06. Cruelty by Husband and Relatives,13393,2043,20490,20116,506,1756,2110,130274,20,13899,126100,146216
1876,Manipur,2004,Cruelty by Husband and Relatives,06. Cruelty by Husband and Relatives,0,0,0,2,0,15,9,2,4,0,0,2
1877,Meghalaya,2004,Cruelty by Husband and Relatives,06. Cruelty by Husband and Relatives,0,1,3,1,0,0,0,7,2,0,7,8
1878,Mizoram,2004,Cruelty by Husband and Relatives,06. Cruelty by Husband and Relatives,0,0,0,0,1,0,0,0,0,1,1,1
1879,Nagaland,2004,Cruelty by Husband and Relatives,06. Cruelty by Husband and Relatives,0,0,0,0,0,0,0,0,0,0,0,0
1880,Odisha,2004,Cruelty by Husband and Relatives,06. Cruelty by Husband and Relatives,1144,15,2086,2043,219,148,191,7564,0,1363,6899,8942
1881,Puducherry,2004,Cruelty by Husband and Relatives,06. Cruelty by Husband and Relatives,9,0,1,2,0,1,0,7,0,9,14,16
1882,Punjab,2004,Cruelty by Husband and Relatives,06. Cruelty by Husband and Relatives,1046,98,1939,2073,388,1986,1463,6029,389,1434,5488,7561
1883,Rajasthan,2004,Cruelty by Husband and Relatives,06. Cruelty by Husband and Relatives,3365,885,8116,8118,2333,54,52,28326,0,5698,26791,34909
1884,Sikkim,2004,Cruelty by Husband and Relatives,06. Cruelty by Husband and Relatives,0,4,1,1,0,1,1,0,0,0,3,4
1885,Tamil Nadu,2004,Cruelty by Husband and Relatives,06. Cruelty by Husband and Relatives,1586,77,2540,2755,359,657,416,4790,26,1945,4057,6812
1886,Tripura,2004,Cruelty by Husband and Relatives,06. Cruelty by Husband and Relatives,154,62,493,479,71,140,44,562,110,225,370,849
1887,Uttar Pradesh,2004,Cruelty by Husband and Relatives,06. Cruelty by Husband and Relatives,3610,2660,14394,12515,4435,848,1677,43636,1050,8045,41826,54341
1888,Uttarakhand,2004,Cruelty by Husband and Relatives,06. Cruelty by Husband and Relatives,117,47,1454,1108,282,161,274,2390,233,399,1728,2836
1889,West Bengal,2004,Cruelty by Husband and Relatives,06. Cruelty by Husband and Relatives,3588,11,10212,8974,284,4573,4813,40569,998,3872,35478,44452
1890,Andaman & Nicobar Islands,2005,Cruelty by Husband and Relatives,06. Cruelty by Husband and Relatives,0,0,7,5,0,10,12,29,0,0,24,29
1891,Andhra Pradesh,2005,Cruelty by Husband and Relatives,06. Cruelty by Husband and Relatives,6777,3357,15409,15475,1797,4671,4172,25948,433,8574,22404,37879
1892,Arunachal Pradesh,2005,Cruelty by Husband and Relatives,06. Cruelty by Husband and Relatives,2,0,12,9,1,3,4,37,2,3,31,40
1893,Assam,2005,Cruelty by Husband and Relatives,06. Cruelty by Husband and Relatives,1591,147,3439,2362,216,1507,1666,4059,918,1807,3651,6013
1894,Bihar,2005,Cruelty by Husband and Relatives,06. Cruelty by Husband and Relatives,1655,109,3151,2528,250,1533,1879,12080,277,1905,11566,14094
1895,Chandigarh,2005,Cruelty by Husband and Relatives,06. Cruelty by Husband and Relatives,21,0,142,123,0,36,49,510,6,21,408,531
1896,Chhattisgarh,2005,Cruelty by Husband and Relatives,06. Cruelty by Husband and Relatives,791,636,1923,1902,501,7,28,6209,0,1292,6235,8137
1897,Dadra & Nagar Haveli,2005,Cruelty by Husband and Relatives,06. Cruelty by Husband and Relatives,8,0,13,11,0,3,5,34,0,8,31,42
1898,Daman & Diu,2005,Cruelty by Husband and Relatives,06. Cruelty by Husband and Relatives,3,0,7,9,0,2,0,16,0,3,10,19
1899,Delhi,2005,Cruelty by Husband and Relatives,06. Cruelty by Husband and Relatives,588,0,2572,2511,109,882,929,10117,14,697,8303,10814
1900,Goa,2005,Cruelty by Husband and Relatives,06. Cruelty by Husband and Relatives,8,3,14,22,0,27,12,127,7,8,116,138
1901,Gujarat,2005,Cruelty by Husband and Relatives,06. Cruelty by Husband and Relatives,4515,736,13272,13161,300,505,615,70156,1,4815,62546,75707
1902,Haryana,2005,Cruelty by Husband and Relatives,06. Cruelty by Husband and Relatives,2227,46,3303,3299,258,291,295,11312,0,2485,10544,13843
1903,Himachal Pradesh,2005,Cruelty by Husband and Relatives,06. Cruelty by Husband and Relatives,481,120,541,539,25,77,79,2171,0,506,2258,2797
1904,Jammu & Kashmir,2005,Cruelty by Husband and Relatives,06. Cruelty by Husband and Relatives,56,38,130,124,0,4,3,359,7,56,329,453
1905,Jharkhand,2005,Cruelty by Husband and Relatives,06. Cruelty by Husband and Relatives,466,134,965,473,221,214,653,1238,53,687,1586,2059
1906,Karnataka,2005,Cruelty by Husband and Relatives,06. Cruelty by Husband and Relatives,2854,165,3334,3257,141,358,329,7841,106,2995,7744,11001
1907,Kerala,2005,Cruelty by Husband and Relatives,06. Cruelty by Husband and Relatives,3907,174,6287,5810,297,840,1152,19225,165,4204,17793,23603
1908,Lakshadweep,2005,Cruelty by Husband and Relatives,06. Cruelty by Husband and Relatives,0,0,0,0,0,1,1,0,0,0,0,0
1909,Madhya Pradesh,2005,Cruelty by Husband and Relatives,06. Cruelty by Husband and Relatives,4135,2210,8498,8533,1901,102,67,32780,0,6036,32493,41026
1910,Maharashtra,2005,Cruelty by Husband and Relatives,06. Cruelty by Husband and Relatives,14055,1841,22959,22607,334,2110,2453,136651,9,14389,130274,152881
1911,Manipur,2005,Cruelty by Husband and Relatives,06. Cruelty by Husband and Relatives,0,0,18,1,0,9,13,3,13,0,2,3
1912,Meghalaya,2005,Cruelty by Husband and Relatives,06. Cruelty by Husband and Relatives,3,0,3,1,0,0,1,5,1,3,7,8
1913,Mizoram,2005,Cruelty by Husband and Relatives,06. Cruelty by Husband and Relatives,0,0,0,0,0,0,0,0,0,0,0,0
1914,Nagaland,2005,Cruelty by Husband and Relatives,06. Cruelty by Husband and Relatives,0,0,0,0,0,0,0,0,0,0,0,0
1915,Odisha,2005,Cruelty by Husband and Relatives,06. Cruelty by Husband and Relatives,1239,0,2671,2632,185,191,222,8772,8,1424,7564,10196
1916,Puducherry,2005,Cruelty by Husband and Relatives,06. Cruelty by Husband and Relatives,2,0,3,3,0,0,0,8,0,2,7,10
1917,Punjab,2005,Cruelty by Husband and Relatives,06. Cruelty by Husband and Relatives,749,123,1544,1469,175,1463,1417,6451,121,924,6029,7498
1918,Rajasthan,2005,Cruelty by Husband and Relatives,06. Cruelty by Husband and Relatives,2380,1283,6799,6812,1545,52,39,29930,0,3925,28326,35138
1919,Sikkim,2005,Cruelty by Husband and Relatives,06. Cruelty by Husband and Relatives,0,0,3,0,0,1,2,0,2,0,0,0
1920,Tamil Nadu,2005,Cruelty by Husband and Relatives,06. Cruelty by Husband and Relatives,1731,28,2606,2384,338,416,544,5077,94,2069,4790,7174
1921,Tripura,2005,Cruelty by Husband and Relatives,06. Cruelty by Husband and Relatives,473,0,882,728,95,44,186,722,12,568,562,1290
1922,Uttar Pradesh,2005,Cruelty by Husband and Relatives,06. Cruelty by Husband and Relatives,4232,2201,14154,13279,5210,1677,1874,45272,678,9442,43636,56915
1923,Uttarakhand,2005,Cruelty by Husband and Relatives,06. Cruelty by Husband and Relatives,105,65,698,638,113,274,205,2745,129,218,2390,3028
1924,West Bengal,2005,Cruelty by Husband and Relatives,06. Cruelty by Husband and Relatives,4859,31,12201,10946,571,4813,5132,46054,936,5430,40569,51515
1925,Andaman & Nicobar Islands,2006,Cruelty by Husband and Relatives,06. Cruelty by Husband and Relatives,0,0,7,16,0,12,3,45,0,0,29,45
1926,Andhra Pradesh,2006,Cruelty by Husband and Relatives,06. Cruelty by Husband and Relatives,8908,4610,15531,13663,1533,4172,5428,24560,612,10441,25948,39611
1927,Arunachal Pradesh,2006,Cruelty by Husband and Relatives,06. Cruelty by Husband and Relatives,2,2,8,9,3,4,2,39,1,5,37,46
1928,Assam,2006,Cruelty by Husband and Relatives,06. Cruelty by Husband and Relatives,1496,198,3200,2081,309,1666,1809,4137,976,1805,4059,6140
1929,Bihar,2006,Cruelty by Husband and Relatives,06. Cruelty by Husband and Relatives,2066,348,3124,2609,490,1879,2228,11785,166,2556,12080,14689
1930,Chandigarh,2006,Cruelty by Husband and Relatives,06. Cruelty by Husband and Relatives,29,0,190,105,0,49,64,586,70,29,510,615
1931,Chhattisgarh,2006,Cruelty by Husband and Relatives,06. Cruelty by Husband and Relatives,830,109,1932,1893,548,28,67,6615,0,1378,6209,8102
1932,Dadra & Nagar Haveli,2006,Cruelty by Husband and Relatives,06. Cruelty by Husband and Relatives,8,0,6,10,0,5,1,36,0,8,34,44
1933,Daman & Diu,2006,Cruelty by Husband and Relatives,06. Cruelty by Husband and Relatives,8,0,14,14,0,0,0,22,0,8,16,30
1934,Delhi,2006,Cruelty by Husband and Relatives,06. Cruelty by Husband and Relatives,403,0,3256,3088,167,929,1077,12635,20,570,10117,13205
1935,Goa,2006,Cruelty by Husband and Relatives,06. Cruelty by Husband and Relatives,10,0,34,23,0,12,19,140,4,10,127,150
1936,Gujarat,2006,Cruelty by Husband and Relatives,06. Cruelty by Husband and Relatives,4955,1020,14878,14287,204,615,1203,78264,3,5159,70156,84443
1937,Haryana,2006,Cruelty by Husband and Relatives,06. Cruelty by Husband and Relatives,1872,47,3538,3455,327,295,378,12521,0,2199,11312,14767
1938,Himachal Pradesh,2006,Cruelty by Husband and Relatives,06. Cruelty by Husband and Relatives,258,167,506,497,22,79,84,2221,4,280,2171,2668
1939,Jammu & Kashmir,2006,Cruelty by Husband and Relatives,06. Cruelty by Husband and Relatives,41,60,222,222,3,3,3,477,0,44,359,581
1940,Jharkhand,2006,Cruelty by Husband and Relatives,06. Cruelty by Husband and Relatives,76,182,1141,678,0,653,1081,1658,35,76,1238,1916
1941,Karnataka,2006,Cruelty by Husband and Relatives,06. Cruelty by Husband and Relatives,3315,354,3488,3359,185,329,364,7346,94,3500,7841,11200
1942,Kerala,2006,Cruelty by Husband and Relatives,06. Cruelty by Husband and Relatives,5172,198,6771,6461,507,1152,1419,19809,43,5679,19225,25686
1943,Lakshadweep,2006,Cruelty by Husband and Relatives,06. Cruelty by Husband and Relatives,0,0,1,0,0,0,1,0,0,0,0,0
1944,Madhya Pradesh,2006,Cruelty by Husband and Relatives,06. Cruelty by Husband and Relatives,2837,1863,8416,8406,1941,67,77,34545,0,4778,32780,41186
1945,Maharashtra,2006,Cruelty by Husband and Relatives,06. Cruelty by Husband and Relatives,11943,1288,24060,22924,424,2453,3575,145920,14,12367,136651,159575
1946,Manipur,2006,Cruelty by Husband and Relatives,06. Cruelty by Husband and Relatives,0,0,6,0,0,13,17,3,2,0,3,3
1947,Meghalaya,2006,Cruelty by Husband and Relatives,06. Cruelty by Husband and Relatives,0,0,8,5,0,1,4,10,0,0,5,10
1948,Mizoram,2006,Cruelty by Husband and Relatives,06. Cruelty by Husband and Relatives,0,0,0,0,0,0,0,0,0,0,0,0
1949,Nagaland,2006,Cruelty by Husband and Relatives,06. Cruelty by Husband and Relatives,1,0,5,4,3,0,1,0,0,4,0,4
1950,Odisha,2006,Cruelty by Husband and Relatives,06. Cruelty by Husband and Relatives,1058,0,2661,2522,241,222,359,9995,2,1299,8772,11294
1951,Puducherry,2006,Cruelty by Husband and Relatives,06. Cruelty by Husband and Relatives,3,0,31,27,5,0,4,27,0,8,8,35
1952,Punjab,2006,Cruelty by Husband and Relatives,06. Cruelty by Husband and Relatives,811,30,1683,1377,276,1417,1578,6711,145,1087,6451,7828
1953,Rajasthan,2006,Cruelty by Husband and Relatives,06. Cruelty by Husband and Relatives,3402,1265,8277,8288,2153,39,28,31398,0,5555,29930,38218
1954,Sikkim,2006,Cruelty by Husband and Relatives,06. Cruelty by Husband and Relatives,1,1,4,3,1,2,3,0,0,2,0,3
1955,Tamil Nadu,2006,Cruelty by Husband and Relatives,06. Cruelty by Husband and Relatives,1964,19,2392,2355,480,544,504,4969,77,2444,5077,7432
1956,Tripura,2006,Cruelty by Husband and Relatives,06. Cruelty by Husband and Relatives,470,0,857,564,110,186,184,706,295,580,722,1286
1957,Uttar Pradesh,2006,Cruelty by Husband and Relatives,06. Cruelty by Husband and Relatives,4084,1826,14590,13286,5630,1874,1923,47018,1255,9714,45272,58558
1958,Uttarakhand,2006,Cruelty by Husband and Relatives,06. Cruelty by Husband and Relatives,132,267,989,828,83,205,265,3091,101,215,2745,3573
1959,West Bengal,2006,Cruelty by Husband and Relatives,06. Cruelty by Husband and Relatives,5142,116,15354,12218,1350,5132,7375,51664,893,6492,46054,58272
1960,Andaman & Nicobar Islands,2007,Cruelty by Husband and Relatives,06. Cruelty by Husband and Relatives,6,0,34,14,4,3,23,49,0,10,45,59
1961,Andhra Pradesh,2007,Cruelty by Husband and Relatives,06. Cruelty by Husband and Relatives,8737,3013,18016,17322,2495,5428,5537,27637,585,11232,24560,41882
1962,Arunachal Pradesh,2007,Cruelty by Husband and Relatives,06. Cruelty by Husband and Relatives,2,0,18,16,0,2,2,53,2,2,39,55
1963,Assam,2007,Cruelty by Husband and Relatives,06. Cruelty by Husband and Relatives,1734,239,3818,2479,265,1809,2103,4378,1045,1999,4137,6616
1964,Bihar,2007,Cruelty by Husband and Relatives,06. Cruelty by Husband and Relatives,2269,344,3973,2968,304,2228,3059,11836,174,2573,11785,14753
1965,Chandigarh,2007,Cruelty by Husband and Relatives,06. Cruelty by Husband and Relatives,44,0,143,108,1,64,76,649,23,45,586,694
1966,Chhattisgarh,2007,Cruelty by Husband and Relatives,06. Cruelty by Husband and Relatives,791,317,2195,2149,294,67,113,7362,0,1085,6615,8764
1967,Dadra & Nagar Haveli,2007,Cruelty by Husband and Relatives,06. Cruelty by Husband and Relatives,3,0,3,4,0,1,0,37,0,3,36,40
1968,Daman & Diu,2007,Cruelty by Husband and Relatives,06. Cruelty by Husband and Relatives,0,0,19,17,0,0,0,39,2,0,22,39
1969,Delhi,2007,Cruelty by Husband and Relatives,06. Cruelty by Husband and Relatives,416,0,2688,2153,188,1077,1593,14184,19,604,12635,14788
1970,Goa,2007,Cruelty by Husband and Relatives,06. Cruelty by Husband and Relatives,35,4,47,27,1,19,35,127,4,36,140,167
1971,Gujarat,2007,Cruelty by Husband and Relatives,06. Cruelty by Husband and Relatives,5757,910,18050,18053,385,1203,1200,89265,0,6142,78264,96317
1972,Haryana,2007,Cruelty by Husband and Relatives,06. Cruelty by Husband and Relatives,2037,65,3880,3676,255,378,582,13840,0,2292,12521,16197
1973,Himachal Pradesh,2007,Cruelty by Husband and Relatives,06. Cruelty by Husband and Relatives,330,135,718,673,18,84,129,2411,0,348,2221,2894
1974,Jammu & Kashmir,2007,Cruelty by Husband and Relatives,06. Cruelty by Husband and Relatives,66,45,320,321,0,3,2,687,0,66,477,798
1975,Jharkhand,2007,Cruelty by Husband and Relatives,06. Cruelty by Husband and Relatives,845,97,1193,1078,211,1081,1076,1583,120,1056,1658,2736
1976,Karnataka,2007,Cruelty by Husband and Relatives,06. Cruelty by Husband and Relatives,3086,191,4182,4032,220,364,418,7881,96,3306,7346,11378
1977,Kerala,2007,Cruelty by Husband and Relatives,06. Cruelty by Husband and Relatives,5162,230,6626,6650,250,1419,1388,20817,7,5412,19809,26459
1978,Lakshadweep,2007,Cruelty by Husband and Relatives,06. Cruelty by Husband and Relatives,0,0,0,0,0,1,1,0,0,0,0,0
1979,Madhya Pradesh,2007,Cruelty by Husband and Relatives,06. Cruelty by Husband and Relatives,3642,2360,9424,9407,2185,77,94,35765,0,5827,34545,43952
1980,Maharashtra,2007,Cruelty by Husband and Relatives,06. Cruelty by Husband and Relatives,12956,1459,24745,23719,429,3575,4570,154795,31,13385,145920,169639
1981,Manipur,2007,Cruelty by Husband and Relatives,06. Cruelty by Husband and Relatives,0,0,15,0,0,17,13,3,19,0,3,3
1982,Meghalaya,2007,Cruelty by Husband and Relatives,06. Cruelty by Husband and Relatives,0,1,13,5,0,4,8,14,4,0,10,15
1983,Mizoram,2007,Cruelty by Husband and Relatives,06. Cruelty by Husband and Relatives,0,0,1,1,0,0,0,1,0,0,0,1
1984,Nagaland,2007,Cruelty by Husband and Relatives,06. Cruelty by Husband and Relatives,0,0,0,1,0,1,0,1,0,0,0,1
1985,Odisha,2007,Cruelty by Husband and Relatives,06. Cruelty by Husband and Relatives,774,0,2089,1805,434,359,643,10592,0,1208,9995,11800
1986,Puducherry,2007,Cruelty by Husband and Relatives,06. Cruelty by Husband and Relatives,10,0,39,41,0,4,2,58,0,10,27,68
1987,Punjab,2007,Cruelty by Husband and Relatives,06. Cruelty by Husband and Relatives,1045,22,1911,1522,237,1578,1782,6929,185,1282,6711,8233
1988,Rajasthan,2007,Cruelty by Husband and Relatives,06. Cruelty by Husband and Relatives,2962,1420,8486,8473,2235,28,41,33254,0,5197,31398,39871
1989,Sikkim,2007,Cruelty by Husband and Relatives,06. Cruelty by Husband and Relatives,0,0,8,7,2,3,4,5,0,2,0,7
1990,Tamil Nadu,2007,Cruelty by Husband and Relatives,06. Cruelty by Husband and Relatives,1818,13,3538,3145,431,504,806,5852,91,2249,4969,8114
1991,Tripura,2007,Cruelty by Husband and Relatives,06. Cruelty by Husband and Relatives,526,78,618,735,110,184,31,727,36,636,706,1441
1992,Uttar Pradesh,2007,Cruelty by Husband and Relatives,06. Cruelty by Husband and Relatives,7137,1895,23465,18692,7214,1923,2709,49464,3987,14351,47018,65710
1993,Uttarakhand,2007,Cruelty by Husband and Relatives,06. Cruelty by Husband and Relatives,198,380,1437,1000,366,265,379,3147,323,564,3091,4091
1994,West Bengal,2007,Cruelty by Husband and Relatives,06. Cruelty by Husband and Relatives,6714,226,14700,15030,293,7375,6625,59461,420,7007,51664,66694
1995,Andaman & Nicobar Islands,2008,Cruelty by Husband and Relatives,06. Cruelty by Husband and Relatives,2,0,23,33,0,23,13,80,0,2,49,82
1996,Andhra Pradesh,2008,Cruelty by Husband and Relatives,06. Cruelty by Husband and Relatives,7448,6870,19398,19011,1578,5537,5206,30752,718,9026,27637,46648
1997,Arunachal Pradesh,2008,Cruelty by Husband and Relatives,06. Cruelty by Husband and Relatives,3,0,12,9,0,2,4,59,1,3,53,62
1998,Assam,2008,Cruelty by Husband and Relatives,06. Cruelty by Husband and Relatives,1620,316,3577,2489,263,2103,2392,4668,799,1883,4378,6867
1999,Bihar,2008,Cruelty by Husband and Relatives,06. Cruelty by Husband and Relatives,2043,330,3732,3138,357,3059,3628,12244,25,2400,11836,14974
2000,Chandigarh,2008,Cruelty by Husband and Relatives,06. Cruelty by Husband and Relatives,40,0,80,43,3,76,88,649,25,43,649,692
2001,Chhattisgarh,2008,Cruelty by Husband and Relatives,06. Cruelty by Husband and Relatives,852,195,2297,2254,355,113,154,8214,2,1207,7362,9616
2002,Dadra & Nagar Haveli,2008,Cruelty by Husband and Relatives,06. Cruelty by Husband and Relatives,9,0,11,11,0,0,0,39,0,9,37,48
2003,Daman & Diu,2008,Cruelty by Husband and Relatives,06. Cruelty by Husband and Relatives,5,0,20,20,0,0,0,54,0,5,39,59
2004,Delhi,2008,Cruelty by Husband and Relatives,06. Cruelty by Husband and Relatives,878,0,725,1340,127,1593,465,14519,513,1005,14184,15524
2005,Goa,2008,Cruelty by Husband and Relatives,06. Cruelty by Husband and Relatives,25,0,23,29,0,35,24,131,5,25,127,156
2006,Gujarat,2008,Cruelty by Husband and Relatives,06. Cruelty by Husband and Relatives,7833,1128,18602,18640,360,1200,1162,98584,0,8193,89265,107905
2007,Haryana,2008,Cruelty by Husband and Relatives,06. Cruelty by Husband and Relatives,2549,107,3712,3792,274,582,502,14702,0,2823,13840,17632
2008,Himachal Pradesh,2008,Cruelty by Husband and Relatives,06. Cruelty by Husband and Relatives,301,62,731,710,19,129,148,2739,2,320,2411,3121
2009,Jammu & Kashmir,2008,Cruelty by Husband and Relatives,06. Cruelty by Husband and Relatives,72,104,290,289,5,2,3,795,0,77,687,976
2010,Jharkhand,2008,Cruelty by Husband and Relatives,06. Cruelty by Husband and Relatives,649,104,1651,1359,278,1076,1320,1911,48,927,1583,2942
2011,Karnataka,2008,Cruelty by Husband and Relatives,06. Cruelty by Husband and Relatives,3105,247,4827,4479,219,418,699,8789,67,3324,7881,12360
2012,Kerala,2008,Cruelty by Husband and Relatives,06. Cruelty by Husband and Relatives,4533,240,6303,6311,288,1388,1375,22067,5,4821,20817,27128
2013,Lakshadweep,2008,Cruelty by Husband and Relatives,06. Cruelty by Husband and Relatives,0,0,0,0,0,1,1,0,0,0,0,0
2014,Madhya Pradesh,2008,Cruelty by Husband and Relatives,06. Cruelty by Husband and Relatives,4609,2133,10196,10183,5180,94,107,34026,0,9789,35765,45948
2015,Maharashtra,2008,Cruelty by Husband and Relatives,06. Cruelty by Husband and Relatives,14888,2762,25979,25211,439,4570,5329,161917,9,15327,154795,180006
2016,Manipur,2008,Cruelty by Husband and Relatives,06. Cruelty by Husband and Relatives,0,0,12,0,0,13,10,3,15,0,3,3
2017,Meghalaya,2008,Cruelty by Husband and Relatives,06. Cruelty by Husband and Relatives,2,2,29,6,2,8,25,14,6,4,14,20
2018,Mizoram,2008,Cruelty by Husband and Relatives,06. Cruelty by Husband and Relatives,0,0,5,5,2,0,0,4,0,2,1,6
2019,Nagaland,2008,Cruelty by Husband and Relatives,06. Cruelty by Husband and Relatives,1,0,4,2,2,0,2,0,0,3,1,3
2020,Odisha,2008,Cruelty by Husband and Relatives,06. Cruelty by Husband and Relatives,1126,0,2121,2140,213,643,624,11393,0,1339,10592,12732
2021,Puducherry,2008,Cruelty by Husband and Relatives,06. Cruelty by Husband and Relatives,8,0,16,13,0,2,5,63,0,8,58,71
2022,Punjab,2008,Cruelty by Husband and Relatives,06. Cruelty by Husband and Relatives,892,3,1963,2003,243,1782,1631,7794,111,1135,6929,8932
2023,Rajasthan,2008,Cruelty by Husband and Relatives,06. Cruelty by Husband and Relatives,3203,1024,8027,8015,2228,41,53,34814,0,5431,33254,41269
2024,Sikkim,2008,Cruelty by Husband and Relatives,06. Cruelty by Husband and Relatives,0,0,5,8,0,4,1,13,0,0,5,13
2025,Tamil Nadu,2008,Cruelty by Husband and Relatives,06. Cruelty by Husband and Relatives,1495,10,3351,3188,602,806,907,6933,62,2097,5852,9040
2026,Tripura,2008,Cruelty by Husband and Relatives,06. Cruelty by Husband and Relatives,445,38,1064,906,34,31,0,1116,189,479,727,1633
2027,Uttar Pradesh,2008,Cruelty by Husband and Relatives,06. Cruelty by Husband and Relatives,7767,2375,27984,22114,9232,2709,3226,52204,5353,16999,49464,71578
2028,Uttarakhand,2008,Cruelty by Husband and Relatives,06. Cruelty by Husband and Relatives,381,175,570,603,550,379,77,2644,269,931,3147,3750
2029,West Bengal,2008,Cruelty by Husband and Relatives,06. Cruelty by Husband and Relatives,6495,46,17521,16123,224,6625,7616,68819,407,6719,59461,75584
2030,Andaman & Nicobar Islands,2009,Cruelty by Husband and Relatives,06. Cruelty by Husband and Relatives,3,0,35,38,0,13,10,115,0,3,80,118
2031,Andhra Pradesh,2009,Cruelty by Husband and Relatives,06. Cruelty by Husband and Relatives,9626,5554,19018,17746,1451,5206,5893,31867,585,11077,30752,48498
2032,Arunachal Pradesh,2009,Cruelty by Husband and Relatives,06. Cruelty by Husband and Relatives,4,0,12,14,3,4,2,66,0,7,59,73
2033,Assam,2009,Cruelty by Husband and Relatives,06. Cruelty by Husband and Relatives,1508,182,5753,2933,326,2392,3272,5585,1940,1834,4668,7601
2034,Bihar,2009,Cruelty by Husband and Relatives,06. Cruelty by Husband and Relatives,2635,415,4939,3910,474,3628,4617,12630,40,3109,12244,16154
2035,Chandigarh,2009,Cruelty by Husband and Relatives,06. Cruelty by Husband and Relatives,36,0,28,35,15,88,63,633,18,51,649,684
2036,Chhattisgarh,2009,Cruelty by Husband and Relatives,06. Cruelty by Husband and Relatives,997,174,2462,2447,131,154,163,9359,6,1128,8214,10661
2037,Dadra & Nagar Haveli,2009,Cruelty by Husband and Relatives,06. Cruelty by Husband and Relatives,6,0,0,0,0,0,0,33,0,6,39,39
2038,Daman & Diu,2009,Cruelty by Husband and Relatives,06. Cruelty by Husband and Relatives,15,0,4,4,0,0,0,43,0,15,54,58
2039,Delhi,2009,Cruelty by Husband and Relatives,06. Cruelty by Husband and Relatives,480,0,658,1052,103,465,15,14988,56,583,14519,15571
2040,Goa,2009,Cruelty by Husband and Relatives,06. Cruelty by Husband and Relatives,35,0,46,26,0,24,39,122,5,35,131,157
2041,Gujarat,2009,Cruelty by Husband and Relatives,06. Cruelty by Husband and Relatives,8876,1015,17595,17791,623,1162,966,105861,0,9499,98584,116375
2042,Haryana,2009,Cruelty by Husband and Relatives,06. Cruelty by Husband and Relatives,2602,64,3661,3696,309,502,463,15423,4,2911,14702,18398
2043,Himachal Pradesh,2009,Cruelty by Husband and Relatives,06. Cruelty by Husband and Relatives,350,141,648,704,25,148,92,2927,0,375,2739,3443
2044,Jammu & Kashmir,2009,Cruelty by Husband and Relatives,06. Cruelty by Husband and Relatives,51,159,469,468,8,3,4,1045,0,59,795,1263
2045,Jharkhand,2009,Cruelty by Husband and Relatives,06. Cruelty by Husband and Relatives,756,107,1560,1465,381,1320,1387,2132,28,1137,1911,3376
2046,Karnataka,2009,Cruelty by Husband and Relatives,06. Cruelty by Husband and Relatives,3567,334,5784,5680,207,699,658,10361,145,3774,8789,14469
2047,Kerala,2009,Cruelty by Husband and Relatives,06. Cruelty by Husband and Relatives,4769,420,5828,6307,423,1375,889,22762,7,5192,22067,28374
2048,Lakshadweep,2009,Cruelty by Husband and Relatives,06. Cruelty by Husband and Relatives,1,0,2,2,0,1,1,1,0,1,0,2
2049,Madhya Pradesh,2009,Cruelty by Husband and Relatives,06. Cruelty by Husband and Relatives,4695,2553,11182,11172,2511,107,117,35439,0,7206,34026,45198
2050,Maharashtra,2009,Cruelty by Husband and Relatives,06. Cruelty by Husband and Relatives,14859,1858,29493,28238,323,5329,6578,173115,6,15182,161917,190155
2051,Manipur,2009,Cruelty by Husband and Relatives,06. Cruelty by Husband and Relatives,0,0,25,0,0,10,24,3,11,0,3,3
2052,Meghalaya,2009,Cruelty by Husband and Relatives,06. Cruelty by Husband and Relatives,2,0,6,16,1,25,13,27,2,3,14,30
2053,Mizoram,2009,Cruelty by Husband and Relatives,06. Cruelty by Husband and Relatives,0,0,4,4,8,0,0,0,0,8,4,8
2054,Nagaland,2009,Cruelty by Husband and Relatives,06. Cruelty by Husband and Relatives,0,0,0,2,2,2,0,0,0,2,0,2
2055,Odisha,2009,Cruelty by Husband and Relatives,06. Cruelty by Husband and Relatives,1603,0,2915,2825,209,624,714,12406,0,1812,11393,14218
2056,Puducherry,2009,Cruelty by Husband and Relatives,06. Cruelty by Husband and Relatives,26,0,21,26,2,5,0,61,0,28,63,89
2057,Punjab,2009,Cruelty by Husband and Relatives,06. Cruelty by Husband and Relatives,914,10,1871,1650,420,1631,1700,8100,152,1334,7794,9444
2058,Rajasthan,2009,Cruelty by Husband and Relatives,06. Cruelty by Husband and Relatives,2919,1324,9326,9344,2247,53,35,37668,0,5166,34814,44158
2059,Sikkim,2009,Cruelty by Husband and Relatives,06. Cruelty by Husband and Relatives,0,2,12,8,9,1,3,10,2,9,13,21
2060,Tamil Nadu,2009,Cruelty by Husband and Relatives,06. Cruelty by Husband and Relatives,2089,1,2697,2714,656,907,834,6901,56,2745,6933,9647
2061,Tripura,2009,Cruelty by Husband and Relatives,06. Cruelty by Husband and Relatives,511,415,1760,1249,57,0,194,1382,317,568,1116,2365
2062,Uttar Pradesh,2009,Cruelty by Husband and Relatives,06. Cruelty by Husband and Relatives,8041,3017,31807,23846,9685,3226,3822,55307,7365,17726,52204,76050
2063,Uttarakhand,2009,Cruelty by Husband and Relatives,06. Cruelty by Husband and Relatives,135,62,890,787,280,77,146,2954,34,415,2644,3431
2064,West Bengal,2009,Cruelty by Husband and Relatives,06. Cruelty by Husband and Relatives,7222,345,13884,13473,231,7616,7426,74494,601,7453,68819,82292
2065,Andaman & Nicobar Islands,2010,Cruelty by Husband and Relatives,06. Cruelty by Husband and Relatives,2,0,12,22,0,10,0,135,0,2,115,137
2066,Andhra Pradesh,2010,Cruelty by Husband and Relatives,06. Cruelty by Husband and Relatives,10464,5746,21572,22299,1554,5893,4801,36402,365,12018,31867,54166
2067,Arunachal Pradesh,2010,Cruelty by Husband and Relatives,06. Cruelty by Husband and Relatives,2,0,11,8,1,2,3,71,2,3,66,74
2068,Assam,2010,Cruelty by Husband and Relatives,06. Cruelty by Husband and Relatives,2010,233,6208,3762,390,3272,3664,6714,2054,2400,5585,9347
2069,Bihar,2010,Cruelty by Husband and Relatives,06. Cruelty by Husband and Relatives,2421,405,3850,3630,390,4617,4647,13044,190,2811,12630,16260
2070,Chandigarh,2010,Cruelty by Husband and Relatives,06. Cruelty by Husband and Relatives,77,0,18,20,9,63,32,567,29,86,633,653
2071,Chhattisgarh,2010,Cruelty by Husband and Relatives,06. Cruelty by Husband and Relatives,1169,338,2450,2407,339,163,155,9920,51,1508,9359,11766
2072,Dadra & Nagar Haveli,2010,Cruelty by Husband and Relatives,06. Cruelty by Husband and Relatives,0,0,14,9,3,0,5,39,0,3,33,42
2073,Daman & Diu,2010,Cruelty by Husband and Relatives,06. Cruelty by Husband and Relatives,2,0,6,5,0,0,1,46,0,2,43,48
2074,Delhi,2010,Cruelty by Husband and Relatives,06. Cruelty by Husband and Relatives,719,0,878,838,147,15,5,14960,50,866,14988,15826
2075,Goa,2010,Cruelty by Husband and Relatives,06. Cruelty by Husband and Relatives,12,0,41,42,0,39,32,152,6,12,122,164
2076,Gujarat,2010,Cruelty by Husband and Relatives,06. Cruelty by Husband and Relatives,9050,440,16877,16768,784,966,1075,112355,0,9834,105861,122629
2077,Haryana,2010,Cruelty by Husband and Relatives,06. Cruelty by Husband and Relatives,3631,51,4057,3794,531,463,726,15004,0,4162,15423,19217
2078,Himachal Pradesh,2010,Cruelty by Husband and Relatives,06. Cruelty by Husband and Relatives,309,123,677,664,26,92,105,3133,0,335,2927,3591
2079,Jammu & Kashmir,2010,Cruelty by Husband and Relatives,06. Cruelty by Husband and Relatives,69,161,418,412,6,4,10,1221,0,75,1045,1457
2080,Jharkhand,2010,Cruelty by Husband and Relatives,06. Cruelty by Husband and Relatives,1688,35,1600,2361,411,1387,610,2359,16,2099,2132,4493
2081,Karnataka,2010,Cruelty by Husband and Relatives,06. Cruelty by Husband and Relatives,3921,449,6515,5832,183,658,869,11640,472,4104,10361,16193
2082,Kerala,2010,Cruelty by Husband and Relatives,06. Cruelty by Husband and Relatives,4692,195,7522,7492,222,889,919,25145,0,4914,22762,30254
2083,Lakshadweep,2010,Cruelty by Husband and Relatives,06. Cruelty by Husband and Relatives,0,0,0,0,0,1,1,1,0,0,1,1
2084,Madhya Pradesh,2010,Cruelty by Husband and Relatives,06. Cruelty by Husband and Relatives,4552,2064,10253,10269,2708,117,96,36384,5,7260,35439,45708
2085,Maharashtra,2010,Cruelty by Husband and Relatives,06. Cruelty by Husband and Relatives,18221,1786,28261,27819,344,6578,6993,180583,27,18565,173115,200934
2086,Manipur,2010,Cruelty by Husband and Relatives,06. Cruelty by Husband and Relatives,0,0,13,0,0,24,34,3,3,0,3,3
2087,Meghalaya,2010,Cruelty by Husband and Relatives,06. Cruelty by Husband and Relatives,2,3,11,9,0,13,12,31,3,2,27,36
2088,Mizoram,2010,Cruelty by Husband and Relatives,06. Cruelty by Husband and Relatives,0,0,3,3,2,0,0,1,0,2,0,3
2089,Nagaland,2010,Cruelty by Husband and Relatives,06. Cruelty by Husband and Relatives,0,0,3,3,3,0,0,0,0,3,0,3
2090,Odisha,2010,Cruelty by Husband and Relatives,06. Cruelty by Husband and Relatives,2380,0,4840,4822,258,714,732,14590,0,2638,12406,17228
2091,Puducherry,2010,Cruelty by Husband and Relatives,06. Cruelty by Husband and Relatives,13,0,9,9,0,0,0,57,0,13,61,70
2092,Punjab,2010,Cruelty by Husband and Relatives,06. Cruelty by Husband and Relatives,1010,12,2159,2132,355,1676,1580,8144,123,1365,7389,9521
2093,Rajasthan,2010,Cruelty by Husband and Relatives,06. Cruelty by Husband and Relatives,2701,1292,9113,9096,2115,35,52,40656,0,4816,37668,46764
2094,Sikkim,2010,Cruelty by Husband and Relatives,06. Cruelty by Husband and Relatives,0,0,4,3,0,3,4,13,0,0,10,13
2095,Tamil Nadu,2010,Cruelty by Husband and Relatives,06. Cruelty by Husband and Relatives,1917,2,2981,2860,519,834,918,7323,37,2436,6901,9761
2096,Tripura,2010,Cruelty by Husband and Relatives,06. Cruelty by Husband and Relatives,632,135,1172,873,67,194,321,1421,172,699,1382,2255
2097,Uttar Pradesh,2010,Cruelty by Husband and Relatives,06. Cruelty by Husband and Relatives,10430,1162,29853,22468,11741,3822,3999,54442,7208,22171,55307,77775
2098,Uttarakhand,2010,Cruelty by Husband and Relatives,06. Cruelty by Husband and Relatives,586,69,625,588,518,146,156,2369,27,1104,2954,3542
2099,West Bengal,2010,Cruelty by Husband and Relatives,06. Cruelty by Husband and Relatives,7768,554,18387,19464,211,7426,5570,85425,779,7979,74494,93958
2100,Andaman & Nicobar Islands,2001,Importation of Girls,07. Importation of Girls,0,0,0,0,0,0,0,0,0,0,0,0
2101,Andhra Pradesh,2001,Importation of Girls,07. Importation of Girls,0,0,6,4,0,0,2,4,0,0,0,4
2102,Arunachal Pradesh,2001,Importation of Girls,07. Importation of Girls,0,0,0,0,0,0,0,0,0,0,0,0
2103,Assam,2001,Importation of Girls,07. Importation of Girls,0,0,0,0,0,0,0,0,0,0,0,0
2104,Bihar,2001,Importation of Girls,07. Importation of Girls,14,0,179,100,0,24,97,147,6,14,61,161
2105,Chandigarh,2001,Importation of Girls,07. Importation of Girls,0,0,0,0,0,0,0,0,0,0,0,0
2106,Chhattisgarh,2001,Importation of Girls,07. Importation of Girls,0,0,0,0,0,0,0,0,0,0,0,0
2107,Dadra & Nagar Haveli,2001,Importation of Girls,07. Importation of Girls,0,0,0,0,0,0,0,0,0,0,0,0
2108,Daman & Diu,2001,Importation of Girls,07. Importation of Girls,0,0,0,0,0,0,0,0,0,0,0,0
2109,Delhi,2001,Importation of Girls,07. Importation of Girls,0,0,0,0,0,0,0,0,0,0,0,0
2110,Goa,2001,Importation of Girls,07. Importation of Girls,0,0,0,0,0,0,0,0,0,0,0,0
2111,Gujarat,2001,Importation of Girls,07. Importation of Girls,0,0,0,0,0,0,0,0,0,0,0,0
2112,Haryana,2001,Importation of Girls,07. Importation of Girls,0,0,0,0,0,0,0,0,0,0,0,0
2113,Himachal Pradesh,2001,Importation of Girls,07. Importation of Girls,0,0,0,0,0,0,0,0,0,0,0,0
2114,Jammu & Kashmir,2001,Importation of Girls,07. Importation of Girls,0,0,0,0,0,0,0,0,0,0,0,0
2115,Jharkhand,2001,Importation of Girls,07. Importation of Girls,43,0,8,8,27,0,0,19,0,70,81,89
2116,Karnataka,2001,Importation of Girls,07. Importation of Girls,0,0,0,0,0,0,0,0,0,0,0,0
2117,Kerala,2001,Importation of Girls,07. Importation of Girls,0,0,0,0,0,0,0,0,0,0,0,0
2118,Lakshadweep,2001,Importation of Girls,07. Importation of Girls,0,0,0,0,0,0,0,0,0,0,0,0
2119,Madhya Pradesh,2001,Importation of Girls,07. Importation of Girls,0,0,0,0,0,0,0,0,0,0,0,0
2120,Maharashtra,2001,Importation of Girls,07. Importation of Girls,0,0,11,11,0,0,0,11,0,0,0,11
2121,Manipur,2001,Importation of Girls,07. Importation of Girls,0,0,0,0,0,0,0,0,0,0,0,0
2122,Meghalaya,2001,Importation of Girls,07. Importation of Girls,0,0,0,0,0,0,0,0,0,0,0,0
2123,Mizoram,2001,Importation of Girls,07. Importation of Girls,0,0,0,0,0,0,0,0,0,0,0,0
2124,Nagaland,2001,Importation of Girls,07. Importation of Girls,0,0,0,0,0,0,0,0,0,0,0,0
2125,Odisha,2001,Importation of Girls,07. Importation of Girls,0,0,0,0,0,0,0,13,0,0,13,13
2126,Puducherry,2001,Importation of Girls,07. Importation of Girls,0,0,0,0,0,0,0,0,0,0,0,0
2127,Punjab,2001,Importation of Girls,07. Importation of Girls,0,0,0,0,0,0,0,0,0,0,0,0
2128,Rajasthan,2001,Importation of Girls,07. Importation of Girls,0,0,2,2,0,0,0,2,0,0,0,2
2129,Sikkim,2001,Importation of Girls,07. Importation of Girls,0,0,0,0,0,0,0,0,0,0,0,0
2130,Tamil Nadu,2001,Importation of Girls,07. Importation of Girls,4,0,12,12,2,0,0,6,0,6,0,12
2131,Tripura,2001,Importation of Girls,07. Importation of Girls,0,0,0,0,0,0,0,0,0,0,0,0
2132,Uttar Pradesh,2001,Importation of Girls,07. Importation of Girls,0,0,0,0,0,0,0,0,0,0,0,0
2133,Uttarakhand,2001,Importation of Girls,07. Importation of Girls,0,0,0,0,5,0,0,10,0,5,15,15
2134,West Bengal,2001,Importation of Girls,07. Importation of Girls,0,0,2,1,0,0,1,6,0,0,5,6
2135,Andaman & Nicobar Islands,2002,Importation of Girls,07. Importation of Girls,0,0,0,0,0,0,0,0,0,0,0,0
2136,Andhra Pradesh,2002,Importation of Girls,07. Importation of Girls,0,0,0,0,0,2,0,4,2,0,4,4
2137,Arunachal Pradesh,2002,Importation of Girls,07. Importation of Girls,0,0,0,0,0,0,0,0,0,0,0,0
2138,Assam,2002,Importation of Girls,07. Importation of Girls,0,0,0,0,0,0,0,0,0,0,0,0
2139,Bihar,2002,Importation of Girls,07. Importation of Girls,18,0,63,96,0,97,45,225,19,18,147,243
2140,Chandigarh,2002,Importation of Girls,07. Importation of Girls,0,0,0,0,0,0,0,0,0,0,0,0
2141,Chhattisgarh,2002,Importation of Girls,07. Importation of Girls,0,0,0,0,0,0,0,0,0,0,0,0
2142,Dadra & Nagar Haveli,2002,Importation of Girls,07. Importation of Girls,0,0,0,0,0,0,0,0,0,0,0,0
2143,Daman & Diu,2002,Importation of Girls,07. Importation of Girls,0,0,0,0,0,0,0,0,0,0,0,0
2144,Delhi,2002,Importation of Girls,07. Importation of Girls,0,0,0,0,0,0,0,0,0,0,0,0
2145,Goa,2002,Importation of Girls,07. Importation of Girls,0,0,0,0,0,0,0,0,0,0,0,0
2146,Gujarat,2002,Importation of Girls,07. Importation of Girls,0,0,0,0,0,0,0,0,0,0,0,0
2147,Haryana,2002,Importation of Girls,07. Importation of Girls,0,0,0,0,0,0,0,0,0,0,0,0
2148,Himachal Pradesh,2002,Importation of Girls,07. Importation of Girls,0,0,0,0,0,0,0,0,0,0,0,0
2149,Jammu & Kashmir,2002,Importation of Girls,07. Importation of Girls,0,0,0,0,0,0,0,0,0,0,0,0
2150,Jharkhand,2002,Importation of Girls,07. Importation of Girls,16,0,33,29,12,2,6,16,0,28,15,44
2151,Karnataka,2002,Importation of Girls,07. Importation of Girls,0,0,0,0,0,0,0,0,0,0,0,0
2152,Kerala,2002,Importation of Girls,07. Importation of Girls,0,0,0,0,0,0,0,0,0,0,0,0
2153,Lakshadweep,2002,Importation of Girls,07. Importation of Girls,0,0,0,0,0,0,0,0,0,0,0,0
2154,Madhya Pradesh,2002,Importation of Girls,07. Importation of Girls,0,0,0,0,0,0,0,0,0,0,0,0
2155,Maharashtra,2002,Importation of Girls,07. Importation of Girls,11,0,0,0,0,0,0,0,0,11,11,11
2156,Manipur,2002,Importation of Girls,07. Importation of Girls,0,0,0,0,0,0,0,0,0,0,0,0
2157,Meghalaya,2002,Importation of Girls,07. Importation of Girls,0,0,0,0,0,0,0,0,0,0,0,0
2158,Mizoram,2002,Importation of Girls,07. Importation of Girls,0,0,1,1,1,0,0,0,0,1,0,1
2159,Nagaland,2002,Importation of Girls,07. Importation of Girls,0,0,0,0,0,0,0,0,0,0,0,0
2160,Odisha,2002,Importation of Girls,07. Importation of Girls,0,0,0,0,0,0,0,13,0,0,13,13
2161,Puducherry,2002,Importation of Girls,07. Importation of Girls,0,0,0,0,0,0,0,0,0,0,0,0
2162,Punjab,2002,Importation of Girls,07. Importation of Girls,0,0,0,0,0,0,0,0,0,0,0,0
2163,Rajasthan,2002,Importation of Girls,07. Importation of Girls,2,0,0,0,0,0,0,0,0,2,2,2
2164,Sikkim,2002,Importation of Girls,07. Importation of Girls,0,0,0,0,0,0,0,0,0,0,0,0
2165,Tamil Nadu,2002,Importation of Girls,07. Importation of Girls,6,0,0,0,0,0,0,0,0,6,6,6
2166,Tripura,2002,Importation of Girls,07. Importation of Girls,0,0,0,0,0,0,0,0,0,0,0,0
2167,Uttar Pradesh,2002,Importation of Girls,07. Importation of Girls,0,0,0,0,0,0,0,0,0,0,0,0
2168,Uttarakhand,2002,Importation of Girls,07. Importation of Girls,7,0,2,2,5,0,0,0,0,12,10,12
2169,West Bengal,2002,Importation of Girls,07. Importation of Girls,0,0,2,1,0,1,2,7,0,0,6,7
2170,Andaman & Nicobar Islands,2003,Importation of Girls,07. Importation of Girls,0,0,0,0,0,0,0,0,0,0,0,0
2171,Andhra Pradesh,2003,Importation of Girls,07. Importation of Girls,2,0,1,1,2,0,0,1,0,4,4,5
2172,Arunachal Pradesh,2003,Importation of Girls,07. Importation of Girls,0,0,0,0,0,0,0,0,0,0,0,0
2173,Assam,2003,Importation of Girls,07. Importation of Girls,0,0,0,0,0,0,0,0,0,0,0,0
2174,Bihar,2003,Importation of Girls,07. Importation of Girls,14,0,48,65,0,45,23,276,5,14,225,290
2175,Chandigarh,2003,Importation of Girls,07. Importation of Girls,0,0,0,0,0,0,0,0,0,0,0,0
2176,Chhattisgarh,2003,Importation of Girls,07. Importation of Girls,0,0,0,0,0,0,0,0,0,0,0,0
2177,Dadra & Nagar Haveli,2003,Importation of Girls,07. Importation of Girls,0,0,0,0,0,0,0,0,0,0,0,0
2178,Daman & Diu,2003,Importation of Girls,07. Importation of Girls,0,0,0,0,0,0,0,0,0,0,0,0
2179,Delhi,2003,Importation of Girls,07. Importation of Girls,0,0,0,0,0,0,0,0,0,0,0,0
2180,Goa,2003,Importation of Girls,07. Importation of Girls,0,0,0,0,0,0,0,0,0,0,0,0
2181,Gujarat,2003,Importation of Girls,07. Importation of Girls,0,0,0,0,0,0,0,0,0,0,0,0
2182,Haryana,2003,Importation of Girls,07. Importation of Girls,0,0,0,0,0,0,0,0,0,0,0,0
2183,Himachal Pradesh,2003,Importation of Girls,07. Importation of Girls,0,0,0,0,0,0,0,0,0,0,0,0
2184,Jammu & Kashmir,2003,Importation of Girls,07. Importation of Girls,0,0,0,0,0,0,0,0,0,0,0,0
2185,Jharkhand,2003,Importation of Girls,07. Importation of Girls,22,0,0,6,0,6,0,0,0,22,16,22
2186,Karnataka,2003,Importation of Girls,07. Importation of Girls,0,0,0,0,0,0,0,0,0,0,0,0
2187,Kerala,2003,Importation of Girls,07. Importation of Girls,0,0,0,0,0,0,0,0,0,0,0,0
2188,Lakshadweep,2003,Importation of Girls,07. Importation of Girls,0,0,0,0,0,0,0,0,0,0,0,0
2189,Madhya Pradesh,2003,Importation of Girls,07. Importation of Girls,0,0,0,0,0,0,0,0,0,0,0,0
2190,Maharashtra,2003,Importation of Girls,07. Importation of Girls,0,0,0,0,0,0,0,0,0,0,0,0
2191,Manipur,2003,Importation of Girls,07. Importation of Girls,0,0,0,0,0,0,0,0,0,0,0,0
2192,Meghalaya,2003,Importation of Girls,07. Importation of Girls,0,0,0,0,0,0,0,0,0,0,0,0
2193,Mizoram,2003,Importation of Girls,07. Importation of Girls,0,0,1,1,1,0,0,0,0,1,0,1
2194,Nagaland,2003,Importation of Girls,07. Importation of Girls,0,0,1,0,0,0,1,0,0,0,0,0
2195,Odisha,2003,Importation of Girls,07. Importation of Girls,0,0,0,0,0,0,0,13,0,0,13,13
2196,Puducherry,2003,Importation of Girls,07. Importation of Girls,0,0,0,0,0,0,0,0,0,0,0,0
2197,Punjab,2003,Importation of Girls,07. Importation of Girls,0,0,0,0,0,0,0,0,0,0,0,0
2198,Rajasthan,2003,Importation of Girls,07. Importation of Girls,0,0,3,3,0,0,0,3,0,0,0,3
2199,Sikkim,2003,Importation of Girls,07. Importation of Girls,0,0,0,0,0,0,0,0,0,0,0,0
2200,Tamil Nadu,2003,Importation of Girls,07. Importation of Girls,0,0,0,0,0,0,0,0,0,0,0,0
2201,Tripura,2003,Importation of Girls,07. Importation of Girls,0,0,0,0,0,0,0,0,0,0,0,0
2202,Uttar Pradesh,2003,Importation of Girls,07. Importation of Girls,0,0,0,0,0,0,0,0,0,0,0,0
2203,Uttarakhand,2003,Importation of Girls,07. Importation of Girls,0,0,0,0,0,0,0,0,0,0,0,0
2204,West Bengal,2003,Importation of Girls,07. Importation of Girls,0,0,1,0,0,2,3,7,0,0,7,7
2205,Andaman & Nicobar Islands,2004,Importation of Girls,07. Importation of Girls,0,0,0,0,0,0,0,0,0,0,0,0
2206,Andhra Pradesh,2004,Importation of Girls,07. Importation of Girls,1,0,5,5,0,0,0,5,0,1,1,6
2207,Arunachal Pradesh,2004,Importation of Girls,07. Importation of Girls,0,0,0,0,0,0,0,0,0,0,0,0
2208,Assam,2004,Importation of Girls,07. Importation of Girls,0,0,0,0,0,0,0,0,0,0,0,0
2209,Bihar,2004,Importation of Girls,07. Importation of Girls,8,0,39,39,0,23,23,307,0,8,276,315
2210,Chandigarh,2004,Importation of Girls,07. Importation of Girls,0,0,0,0,0,0,0,0,0,0,0,0
2211,Chhattisgarh,2004,Importation of Girls,07. Importation of Girls,0,0,0,0,0,0,0,0,0,0,0,0
2212,Dadra & Nagar Haveli,2004,Importation of Girls,07. Importation of Girls,0,0,0,0,0,0,0,0,0,0,0,0
2213,Daman & Diu,2004,Importation of Girls,07. Importation of Girls,0,0,0,0,0,0,0,0,0,0,0,0
2214,Delhi,2004,Importation of Girls,07. Importation of Girls,0,0,0,0,0,0,0,0,0,0,0,0
2215,Goa,2004,Importation of Girls,07. Importation of Girls,0,0,0,0,0,0,0,0,0,0,0,0
2216,Gujarat,2004,Importation of Girls,07. Importation of Girls,0,0,0,0,0,0,0,0,0,0,0,0
2217,Haryana,2004,Importation of Girls,07. Importation of Girls,0,0,0,0,0,0,0,0,0,0,0,0
2218,Himachal Pradesh,2004,Importation of Girls,07. Importation of Girls,0,0,0,0,0,0,0,0,0,0,0,0
2219,Jammu & Kashmir,2004,Importation of Girls,07. Importation of Girls,0,0,0,0,0,0,0,0,0,0,0,0
2220,Jharkhand,2004,Importation of Girls,07. Importation of Girls,0,0,0,0,0,0,0,0,0,0,0,0
2221,Karnataka,2004,Importation of Girls,07. Importation of Girls,0,0,0,0,0,0,0,0,0,0,0,0
2222,Kerala,2004,Importation of Girls,07. Importation of Girls,0,0,0,0,0,0,0,0,0,0,0,0
2223,Lakshadweep,2004,Importation of Girls,07. Importation of Girls,0,0,0,0,0,0,0,0,0,0,0,0
2224,Madhya Pradesh,2004,Importation of Girls,07. Importation of Girls,0,0,0,0,0,0,0,0,0,0,0,0
2225,Maharashtra,2004,Importation of Girls,07. Importation of Girls,0,0,0,0,0,0,0,0,0,0,0,0
2226,Manipur,2004,Importation of Girls,07. Importation of Girls,0,0,0,0,0,0,0,0,0,0,0,0
2227,Meghalaya,2004,Importation of Girls,07. Importation of Girls,0,0,0,0,0,0,0,0,0,0,0,0
2228,Mizoram,2004,Importation of Girls,07. Importation of Girls,0,0,0,0,0,0,0,0,0,0,0,0
2229,Nagaland,2004,Importation of Girls,07. Importation of Girls,0,0,0,1,1,1,0,0,0,1,0,1
2230,Odisha,2004,Importation of Girls,07. Importation of Girls,13,0,0,0,0,0,0,0,0,13,13,13
2231,Puducherry,2004,Importation of Girls,07. Importation of Girls,0,0,0,0,0,0,0,0,0,0,0,0
2232,Punjab,2004,Importation of Girls,07. Importation of Girls,0,0,0,0,0,0,0,0,0,0,0,0
2233,Rajasthan,2004,Importation of Girls,07. Importation of Girls,5,0,5,5,0,0,0,3,0,5,3,8
2234,Sikkim,2004,Importation of Girls,07. Importation of Girls,0,0,0,0,0,0,0,0,0,0,0,0
2235,Tamil Nadu,2004,Importation of Girls,07. Importation of Girls,0,0,0,0,0,0,0,0,0,0,0,0
2236,Tripura,2004,Importation of Girls,07. Importation of Girls,0,0,0,0,0,0,0,0,0,0,0,0
2237,Uttar Pradesh,2004,Importation of Girls,07. Importation of Girls,0,7,7,7,0,0,0,0,0,0,0,7
2238,Uttarakhand,2004,Importation of Girls,07. Importation of Girls,0,0,0,0,0,0,0,0,0,0,0,0
2239,West Bengal,2004,Importation of Girls,07. Importation of Girls,2,0,12,2,0,3,13,7,0,2,7,9
2240,Andaman & Nicobar Islands,2005,Importation of Girls,07. Importation of Girls,0,0,0,0,0,0,0,0,0,0,0,0
2241,Andhra Pradesh,2005,Importation of Girls,07. Importation of Girls,3,0,5,5,0,0,0,7,0,3,5,10
2242,Arunachal Pradesh,2005,Importation of Girls,07. Importation of Girls,0,0,0,0,0,0,0,0,0,0,0,0
2243,Assam,2005,Importation of Girls,07. Importation of Girls,0,0,3,3,0,0,0,3,0,0,0,3
2244,Bihar,2005,Importation of Girls,07. Importation of Girls,14,0,90,62,9,23,48,346,3,23,307,369
2245,Chandigarh,2005,Importation of Girls,07. Importation of Girls,0,0,0,0,0,0,0,0,0,0,0,0
2246,Chhattisgarh,2005,Importation of Girls,07. Importation of Girls,0,0,0,0,0,0,0,0,0,0,0,0
2247,Dadra & Nagar Haveli,2005,Importation of Girls,07. Importation of Girls,0,0,0,0,0,0,0,0,0,0,0,0
2248,Daman & Diu,2005,Importation of Girls,07. Importation of Girls,0,0,0,0,0,0,0,0,0,0,0,0
2249,Delhi,2005,Importation of Girls,07. Importation of Girls,0,0,0,0,0,0,0,0,0,0,0,0
2250,Goa,2005,Importation of Girls,07. Importation of Girls,0,0,0,0,0,0,0,0,0,0,0,0
2251,Gujarat,2005,Importation of Girls,07. Importation of Girls,0,0,0,0,0,0,0,0,0,0,0,0
2252,Haryana,2005,Importation of Girls,07. Importation of Girls,0,0,0,0,0,0,0,0,0,0,0,0
2253,Himachal Pradesh,2005,Importation of Girls,07. Importation of Girls,0,0,0,0,0,0,0,0,0,0,0,0
2254,Jammu & Kashmir,2005,Importation of Girls,07. Importation of Girls,0,0,0,0,0,0,0,0,0,0,0,0
2255,Jharkhand,2005,Importation of Girls,07. Importation of Girls,0,0,35,11,0,0,15,11,9,0,0,11
2256,Karnataka,2005,Importation of Girls,07. Importation of Girls,0,0,0,0,0,0,0,0,0,0,0,0
2257,Kerala,2005,Importation of Girls,07. Importation of Girls,0,0,0,0,0,0,0,0,0,0,0,0
2258,Lakshadweep,2005,Importation of Girls,07. Importation of Girls,0,0,0,0,0,0,0,0,0,0,0,0
2259,Madhya Pradesh,2005,Importation of Girls,07. Importation of Girls,0,0,4,4,0,0,0,4,0,0,0,4
2260,Maharashtra,2005,Importation of Girls,07. Importation of Girls,0,0,0,0,0,0,0,0,0,0,0,0
2261,Manipur,2005,Importation of Girls,07. Importation of Girls,0,0,0,0,0,0,0,0,0,0,0,0
2262,Meghalaya,2005,Importation of Girls,07. Importation of Girls,0,0,0,0,0,0,0,0,0,0,0,0
2263,Mizoram,2005,Importation of Girls,07. Importation of Girls,0,0,0,0,0,0,0,0,0,0,0,0
2264,Nagaland,2005,Importation of Girls,07. Importation of Girls,0,0,0,0,0,0,0,0,0,0,0,0
2265,Odisha,2005,Importation of Girls,07. Importation of Girls,0,0,0,0,0,0,0,0,0,0,0,0
2266,Puducherry,2005,Importation of Girls,07. Importation of Girls,0,0,0,0,0,0,0,0,0,0,0,0
2267,Punjab,2005,Importation of Girls,07. Importation of Girls,0,0,0,0,0,0,0,0,0,0,0,0
2268,Rajasthan,2005,Importation of Girls,07. Importation of Girls,0,0,0,0,3,0,0,0,0,3,3,3
2269,Sikkim,2005,Importation of Girls,07. Importation of Girls,0,0,0,0,0,0,0,0,0,0,0,0
2270,Tamil Nadu,2005,Importation of Girls,07. Importation of Girls,0,0,0,0,0,0,0,0,0,0,0,0
2271,Tripura,2005,Importation of Girls,07. Importation of Girls,0,0,0,0,0,0,0,0,0,0,0,0
2272,Uttar Pradesh,2005,Importation of Girls,07. Importation of Girls,0,0,0,0,0,0,0,0,0,0,0,0
2273,Uttarakhand,2005,Importation of Girls,07. Importation of Girls,0,0,0,0,0,0,0,0,0,0,0,0
2274,West Bengal,2005,Importation of Girls,07. Importation of Girls,2,0,75,5,0,13,83,10,0,2,7,12
2275,Andaman & Nicobar Islands,2006,Importation of Girls,07. Importation of Girls,0,0,0,0,0,0,0,0,0,0,0,0
2276,Andhra Pradesh,2006,Importation of Girls,07. Importation of Girls,5,0,0,0,0,0,0,2,0,5,7,7
2277,Arunachal Pradesh,2006,Importation of Girls,07. Importation of Girls,0,0,0,0,0,0,0,0,0,0,0,0
2278,Assam,2006,Importation of Girls,07. Importation of Girls,0,0,0,0,0,0,0,3,0,0,3,3
2279,Bihar,2006,Importation of Girls,07. Importation of Girls,20,0,68,60,13,48,56,373,0,33,346,406
2280,Chandigarh,2006,Importation of Girls,07. Importation of Girls,0,0,0,0,0,0,0,0,0,0,0,0
2281,Chhattisgarh,2006,Importation of Girls,07. Importation of Girls,0,0,3,3,0,0,0,3,0,0,0,3
2282,Dadra & Nagar Haveli,2006,Importation of Girls,07. Importation of Girls,0,0,0,0,0,0,0,0,0,0,0,0
2283,Daman & Diu,2006,Importation of Girls,07. Importation of Girls,0,0,0,0,0,0,0,0,0,0,0,0
2284,Delhi,2006,Importation of Girls,07. Importation of Girls,0,0,0,0,0,0,0,0,0,0,0,0
2285,Goa,2006,Importation of Girls,07. Importation of Girls,0,0,0,0,0,0,0,0,0,0,0,0
2286,Gujarat,2006,Importation of Girls,07. Importation of Girls,0,0,0,0,0,0,0,0,0,0,0,0
2287,Haryana,2006,Importation of Girls,07. Importation of Girls,0,0,0,0,0,0,0,0,0,0,0,0
2288,Himachal Pradesh,2006,Importation of Girls,07. Importation of Girls,0,0,0,0,0,0,0,0,0,0,0,0
2289,Jammu & Kashmir,2006,Importation of Girls,07. Importation of Girls,0,0,0,0,0,0,0,0,0,0,0,0
2290,Jharkhand,2006,Importation of Girls,07. Importation of Girls,25,0,0,15,0,15,0,1,0,25,11,26
2291,Karnataka,2006,Importation of Girls,07. Importation of Girls,0,0,0,0,0,0,0,0,0,0,0,0
2292,Kerala,2006,Importation of Girls,07. Importation of Girls,0,0,0,0,0,0,0,0,0,0,0,0
2293,Lakshadweep,2006,Importation of Girls,07. Importation of Girls,0,0,0,0,0,0,0,0,0,0,0,0
2294,Madhya Pradesh,2006,Importation of Girls,07. Importation of Girls,0,0,0,0,0,0,0,4,0,0,4,4
2295,Maharashtra,2006,Importation of Girls,07. Importation of Girls,0,0,2,2,0,0,0,2,0,0,0,2
2296,Manipur,2006,Importation of Girls,07. Importation of Girls,0,0,0,0,0,0,0,0,0,0,0,0
2297,Meghalaya,2006,Importation of Girls,07. Importation of Girls,0,0,0,0,0,0,0,0,0,0,0,0
2298,Mizoram,2006,Importation of Girls,07. Importation of Girls,0,0,0,0,0,0,0,0,0,0,0,0
2299,Nagaland,2006,Importation of Girls,07. Importation of Girls,0,0,0,0,0,0,0,0,0,0,0,0
2300,Odisha,2006,Importation of Girls,07. Importation of Girls,0,0,0,0,0,0,0,0,0,0,0,0
2301,Puducherry,2006,Importation of Girls,07. Importation of Girls,0,0,0,0,0,0,0,0,0,0,0,0
2302,Punjab,2006,Importation of Girls,07. Importation of Girls,0,0,6,0,0,0,6,0,0,0,0,0
2303,Rajasthan,2006,Importation of Girls,07. Importation of Girls,2,0,4,4,0,0,0,2,0,2,0,4
2304,Sikkim,2006,Importation of Girls,07. Importation of Girls,0,0,0,0,0,0,0,0,0,0,0,0
2305,Tamil Nadu,2006,Importation of Girls,07. Importation of Girls,0,0,0,0,0,0,0,0,0,0,0,0
2306,Tripura,2006,Importation of Girls,07. Importation of Girls,0,0,0,0,0,0,0,0,0,0,0,0
2307,Uttar Pradesh,2006,Importation of Girls,07. Importation of Girls,0,0,0,0,0,0,0,0,0,0,0,0
2308,Uttarakhand,2006,Importation of Girls,07. Importation of Girls,0,0,0,0,0,0,0,0,0,0,0,0
2309,West Bengal,2006,Importation of Girls,07. Importation of Girls,3,0,2,23,1,83,61,29,1,4,10,33
2310,Andaman & Nicobar Islands,2007,Importation of Girls,07. Importation of Girls,0,0,0,0,0,0,0,0,0,0,0,0
2311,Andhra Pradesh,2007,Importation of Girls,07. Importation of Girls,0,0,0,0,0,0,0,2,0,0,2,2
2312,Arunachal Pradesh,2007,Importation of Girls,07. Importation of Girls,0,0,0,0,0,0,0,0,0,0,0,0
2313,Assam,2007,Importation of Girls,07. Importation of Girls,0,0,0,0,0,0,0,3,0,0,3,3
2314,Bihar,2007,Importation of Girls,07. Importation of Girls,43,0,87,83,10,56,58,403,2,53,373,456
2315,Chandigarh,2007,Importation of Girls,07. Importation of Girls,0,0,0,0,0,0,0,0,0,0,0,0
2316,Chhattisgarh,2007,Importation of Girls,07. Importation of Girls,3,0,0,0,0,0,0,0,0,3,3,3
2317,Dadra & Nagar Haveli,2007,Importation of Girls,07. Importation of Girls,0,0,0,0,0,0,0,0,0,0,0,0
2318,Daman & Diu,2007,Importation of Girls,07. Importation of Girls,0,0,0,0,0,0,0,0,0,0,0,0
2319,Delhi,2007,Importation of Girls,07. Importation of Girls,0,0,0,0,0,0,0,0,0,0,0,0
2320,Goa,2007,Importation of Girls,07. Importation of Girls,0,0,0,0,0,0,0,0,0,0,0,0
2321,Gujarat,2007,Importation of Girls,07. Importation of Girls,0,0,0,0,0,0,0,0,0,0,0,0
2322,Haryana,2007,Importation of Girls,07. Importation of Girls,0,0,0,0,0,0,0,0,0,0,0,0
2323,Himachal Pradesh,2007,Importation of Girls,07. Importation of Girls,0,0,0,0,0,0,0,0,0,0,0,0
2324,Jammu & Kashmir,2007,Importation of Girls,07. Importation of Girls,0,0,0,0,0,0,0,0,0,0,0,0
2325,Jharkhand,2007,Importation of Girls,07. Importation of Girls,0,0,0,0,0,0,0,1,0,0,1,1
2326,Karnataka,2007,Importation of Girls,07. Importation of Girls,0,0,0,0,0,0,0,0,0,0,0,0
2327,Kerala,2007,Importation of Girls,07. Importation of Girls,0,0,0,0,0,0,0,0,0,0,0,0
2328,Lakshadweep,2007,Importation of Girls,07. Importation of Girls,0,0,0,0,0,0,0,0,0,0,0,0
2329,Madhya Pradesh,2007,Importation of Girls,07. Importation of Girls,0,0,0,0,0,0,0,4,0,0,4,4
2330,Maharashtra,2007,Importation of Girls,07. Importation of Girls,2,0,0,0,0,0,0,0,0,2,2,2
2331,Manipur,2007,Importation of Girls,07. Importation of Girls,0,0,0,0,0,0,0,0,0,0,0,0
2332,Meghalaya,2007,Importation of Girls,07. Importation of Girls,0,0,0,0,0,0,0,0,0,0,0,0
2333,Mizoram,2007,Importation of Girls,07. Importation of Girls,0,0,0,0,0,0,0,0,0,0,0,0
2334,Nagaland,2007,Importation of Girls,07. Importation of Girls,0,0,0,0,0,0,0,0,0,0,0,0
2335,Odisha,2007,Importation of Girls,07. Importation of Girls,0,0,0,0,0,0,0,0,0,0,0,0
2336,Puducherry,2007,Importation of Girls,07. Importation of Girls,0,0,0,0,0,0,0,0,0,0,0,0
2337,Punjab,2007,Importation of Girls,07. Importation of Girls,0,0,0,0,0,6,6,0,0,0,0,0
2338,Rajasthan,2007,Importation of Girls,07. Importation of Girls,0,0,0,0,0,0,0,2,0,0,2,2
2339,Sikkim,2007,Importation of Girls,07. Importation of Girls,0,0,0,0,0,0,0,0,0,0,0,0
2340,Tamil Nadu,2007,Importation of Girls,07. Importation of Girls,0,0,0,0,0,0,0,0,0,0,0,0
2341,Tripura,2007,Importation of Girls,07. Importation of Girls,0,0,0,0,0,0,0,0,0,0,0,0
2342,Uttar Pradesh,2007,Importation of Girls,07. Importation of Girls,0,0,0,0,0,0,0,0,0,0,0,0
2343,Uttarakhand,2007,Importation of Girls,07. Importation of Girls,0,0,0,0,0,0,0,0,0,0,0,0
2344,West Bengal,2007,Importation of Girls,07. Importation of Girls,10,0,8,44,0,61,17,63,8,10,29,73
2345,Andaman & Nicobar Islands,2008,Importation of Girls,07. Importation of Girls,0,0,0,0,0,0,0,0,0,0,0,0
2346,Andhra Pradesh,2008,Importation of Girls,07. Importation of Girls,0,0,0,0,0,0,0,2,0,0,2,2
2347,Arunachal Pradesh,2008,Importation of Girls,07. Importation of Girls,0,0,0,0,0,0,0,0,0,0,0,0
2348,Assam,2008,Importation of Girls,07. Importation of Girls,2,0,0,0,0,0,0,1,0,2,3,3
2349,Bihar,2008,Importation of Girls,07. Importation of Girls,37,0,56,64,4,58,50,426,0,41,403,467
2350,Chandigarh,2008,Importation of Girls,07. Importation of Girls,0,0,0,0,0,0,0,0,0,0,0,0
2351,Chhattisgarh,2008,Importation of Girls,07. Importation of Girls,0,0,0,0,0,0,0,0,0,0,0,0
2352,Dadra & Nagar Haveli,2008,Importation of Girls,07. Importation of Girls,0,0,0,0,0,0,0,0,0,0,0,0
2353,Daman & Diu,2008,Importation of Girls,07. Importation of Girls,0,0,0,0,0,0,0,0,0,0,0,0
2354,Delhi,2008,Importation of Girls,07. Importation of Girls,0,0,0,0,0,0,0,0,0,0,0,0
2355,Goa,2008,Importation of Girls,07. Importation of Girls,0,0,0,0,0,0,0,0,0,0,0,0
2356,Gujarat,2008,Importation of Girls,07. Importation of Girls,0,0,0,0,0,0,0,0,0,0,0,0
2357,Haryana,2008,Importation of Girls,07. Importation of Girls,0,0,0,0,0,0,0,0,0,0,0,0
2358,Himachal Pradesh,2008,Importation of Girls,07. Importation of Girls,0,0,0,0,0,0,0,0,0,0,0,0
2359,Jammu & Kashmir,2008,Importation of Girls,07. Importation of Girls,0,0,0,0,0,0,0,0,0,0,0,0
2360,Jharkhand,2008,Importation of Girls,07. Importation of Girls,19,0,63,61,4,0,2,39,0,23,1,62
2361,Karnataka,2008,Importation of Girls,07. Importation of Girls,0,0,0,0,0,0,0,0,0,0,0,0
2362,Kerala,2008,Importation of Girls,07. Importation of Girls,0,0,0,0,0,0,0,0,0,0,0,0
2363,Lakshadweep,2008,Importation of Girls,07. Importation of Girls,0,0,0,0,0,0,0,0,0,0,0,0
2364,Madhya Pradesh,2008,Importation of Girls,07. Importation of Girls,0,0,0,0,0,0,0,4,0,0,4,4
2365,Maharashtra,2008,Importation of Girls,07. Importation of Girls,0,0,0,0,0,0,0,0,0,0,0,0
2366,Manipur,2008,Importation of Girls,07. Importation of Girls,0,0,0,0,0,0,0,0,0,0,0,0
2367,Meghalaya,2008,Importation of Girls,07. Importation of Girls,0,0,0,0,0,0,0,0,0,0,0,0
2368,Mizoram,2008,Importation of Girls,07. Importation of Girls,0,0,0,0,0,0,0,0,0,0,0,0
2369,Nagaland,2008,Importation of Girls,07. Importation of Girls,0,0,0,0,0,0,0,0,0,0,0,0
2370,Odisha,2008,Importation of Girls,07. Importation of Girls,0,0,0,0,0,0,0,0,0,0,0,0
2371,Puducherry,2008,Importation of Girls,07. Importation of Girls,0,0,0,0,0,0,0,0,0,0,0,0
2372,Punjab,2008,Importation of Girls,07. Importation of Girls,0,0,0,0,0,6,6,0,0,0,0,0
2373,Rajasthan,2008,Importation of Girls,07. Importation of Girls,1,0,0,0,0,0,0,1,0,1,2,2
2374,Sikkim,2008,Importation of Girls,07. Importation of Girls,0,0,0,0,0,0,0,0,0,0,0,0
2375,Tamil Nadu,2008,Importation of Girls,07. Importation of Girls,0,0,0,0,0,0,0,0,0,0,0,0
2376,Tripura,2008,Importation of Girls,07. Importation of Girls,0,0,0,0,0,0,0,0,0,0,0,0
2377,Uttar Pradesh,2008,Importation of Girls,07. Importation of Girls,0,0,0,0,0,0,0,0,0,0,0,0
2378,Uttarakhand,2008,Importation of Girls,07. Importation of Girls,0,0,0,0,0,0,0,0,0,0,0,0
2379,West Bengal,2008,Importation of Girls,07. Importation of Girls,29,5,6,13,1,17,2,41,8,30,63,76
2380,Andaman & Nicobar Islands,2009,Importation of Girls,07. Importation of Girls,0,0,0,0,0,0,0,0,0,0,0,0
2381,Andhra Pradesh,2009,Importation of Girls,07. Importation of Girls,0,0,0,0,0,0,0,2,0,0,2,2
2382,Arunachal Pradesh,2009,Importation of Girls,07. Importation of Girls,0,0,0,0,0,0,0,0,0,0,0,0
2383,Assam,2009,Importation of Girls,07. Importation of Girls,0,0,1,1,0,0,0,2,0,0,1,2
2384,Bihar,2009,Importation of Girls,07. Importation of Girls,6,0,17,36,8,50,31,448,0,14,426,462
2385,Chandigarh,2009,Importation of Girls,07. Importation of Girls,0,0,0,0,0,0,0,0,0,0,0,0
2386,Chhattisgarh,2009,Importation of Girls,07. Importation of Girls,0,0,0,0,0,0,0,0,0,0,0,0
2387,Dadra & Nagar Haveli,2009,Importation of Girls,07. Importation of Girls,0,0,0,0,0,0,0,0,0,0,0,0
2388,Daman & Diu,2009,Importation of Girls,07. Importation of Girls,0,0,0,0,0,0,0,0,0,0,0,0
2389,Delhi,2009,Importation of Girls,07. Importation of Girls,0,0,0,0,0,0,0,0,0,0,0,0
2390,Goa,2009,Importation of Girls,07. Importation of Girls,0,0,0,0,0,0,0,0,0,0,0,0
2391,Gujarat,2009,Importation of Girls,07. Importation of Girls,0,0,0,0,0,0,0,0,0,0,0,0
2392,Haryana,2009,Importation of Girls,07. Importation of Girls,0,0,0,0,0,0,0,0,0,0,0,0
2393,Himachal Pradesh,2009,Importation of Girls,07. Importation of Girls,0,0,0,0,0,0,0,0,0,0,0,0
2394,Jammu & Kashmir,2009,Importation of Girls,07. Importation of Girls,0,0,0,0,0,0,0,0,0,0,0,0
2395,Jharkhand,2009,Importation of Girls,07. Importation of Girls,5,0,20,5,4,2,17,35,0,9,39,44
2396,Karnataka,2009,Importation of Girls,07. Importation of Girls,0,0,0,0,0,0,0,0,0,0,0,0
2397,Kerala,2009,Importation of Girls,07. Importation of Girls,0,0,0,0,0,0,0,0,0,0,0,0
2398,Lakshadweep,2009,Importation of Girls,07. Importation of Girls,0,0,0,0,0,0,0,0,0,0,0,0
2399,Madhya Pradesh,2009,Importation of Girls,07. Importation of Girls,0,0,2,2,0,0,0,6,0,0,4,6
2400,Maharashtra,2009,Importation of Girls,07. Importation of Girls,0,0,0,0,0,0,0,0,0,0,0,0
2401,Manipur,2009,Importation of Girls,07. Importation of Girls,0,0,0,0,0,0,0,0,0,0,0,0
2402,Meghalaya,2009,Importation of Girls,07. Importation of Girls,0,0,2,2,0,0,0,2,0,0,0,2
2403,Mizoram,2009,Importation of Girls,07. Importation of Girls,0,0,0,0,0,0,0,0,0,0,0,0
2404,Nagaland,2009,Importation of Girls,07. Importation of Girls,0,0,0,0,0,0,0,0,0,0,0,0
2405,Odisha,2009,Importation of Girls,07. Importation of Girls,0,0,0,0,0,0,0,0,0,0,0,0
2406,Puducherry,2009,Importation of Girls,07. Importation of Girls,0,0,0,0,0,0,0,0,0,0,0,0
2407,Punjab,2009,Importation of Girls,07. Importation of Girls,0,0,0,0,0,0,0,0,0,0,0,0
2408,Rajasthan,2009,Importation of Girls,07. Importation of Girls,0,0,0,0,0,0,0,1,0,0,1,1
2409,Sikkim,2009,Importation of Girls,07. Importation of Girls,0,0,0,0,0,0,0,0,0,0,0,0
2410,Tamil Nadu,2009,Importation of Girls,07. Importation of Girls,0,0,0,0,0,0,0,0,0,0,0,0
2411,Tripura,2009,Importation of Girls,07. Importation of Girls,0,0,0,0,0,0,0,0,0,0,0,0
2412,Uttar Pradesh,2009,Importation of Girls,07. Importation of Girls,0,0,0,0,0,0,0,0,0,0,0,0
2413,Uttarakhand,2009,Importation of Girls,07. Importation of Girls,0,0,0,0,0,0,0,0,0,0,0,0
2414,West Bengal,2009,Importation of Girls,07. Importation of Girls,17,4,7,4,0,2,4,24,1,17,41,45
2415,Andaman & Nicobar Islands,2010,Importation of Girls,07. Importation of Girls,0,0,0,0,0,0,0,0,0,0,0,0
2416,Andhra Pradesh,2010,Importation of Girls,07. Importation of Girls,0,0,0,0,0,0,0,2,0,0,2,2
2417,Arunachal Pradesh,2010,Importation of Girls,07. Importation of Girls,0,0,0,0,0,0,0,0,0,0,0,0
2418,Assam,2010,Importation of Girls,07. Importation of Girls,0,0,0,0,0,0,0,2,0,0,2,2
2419,Bihar,2010,Importation of Girls,07. Importation of Girls,10,0,26,18,1,31,39,455,0,11,448,466
2420,Chandigarh,2010,Importation of Girls,07. Importation of Girls,0,0,0,0,0,0,0,0,0,0,0,0
2421,Chhattisgarh,2010,Importation of Girls,07. Importation of Girls,0,0,5,5,0,0,0,5,0,0,0,5
2422,Dadra & Nagar Haveli,2010,Importation of Girls,07. Importation of Girls,0,0,0,0,0,0,0,0,0,0,0,0
2423,Daman & Diu,2010,Importation of Girls,07. Importation of Girls,0,0,0,0,0,0,0,0,0,0,0,0
2424,Delhi,2010,Importation of Girls,07. Importation of Girls,0,0,0,0,0,0,0,0,0,0,0,0
2425,Goa,2010,Importation of Girls,07. Importation of Girls,0,0,0,0,0,0,0,0,0,0,0,0
2426,Gujarat,2010,Importation of Girls,07. Importation of Girls,0,0,0,0,0,0,0,0,0,0,0,0
2427,Haryana,2010,Importation of Girls,07. Importation of Girls,0,0,0,0,0,0,0,0,0,0,0,0
2428,Himachal Pradesh,2010,Importation of Girls,07. Importation of Girls,0,0,0,0,0,0,0,0,0,0,0,0
2429,Jammu & Kashmir,2010,Importation of Girls,07. Importation of Girls,0,0,0,0,0,0,0,0,0,0,0,0
2430,Jharkhand,2010,Importation of Girls,07. Importation of Girls,5,0,15,20,5,17,12,45,0,10,35,55
2431,Karnataka,2010,Importation of Girls,07. Importation of Girls,0,0,0,0,0,0,0,0,0,0,0,0
2432,Kerala,2010,Importation of Girls,07. Importation of Girls,0,0,0,0,0,0,0,0,0,0,0,0
2433,Lakshadweep,2010,Importation of Girls,07. Importation of Girls,0,0,0,0,0,0,0,0,0,0,0,0
2434,Madhya Pradesh,2010,Importation of Girls,07. Importation of Girls,2,0,19,19,0,0,0,23,0,2,6,25
2435,Maharashtra,2010,Importation of Girls,07. Importation of Girls,0,0,0,0,0,0,0,0,0,0,0,0
2436,Manipur,2010,Importation of Girls,07. Importation of Girls,0,0,0,0,0,0,0,0,0,0,0,0
2437,Meghalaya,2010,Importation of Girls,07. Importation of Girls,2,0,0,0,0,0,0,0,0,2,2,2
2438,Mizoram,2010,Importation of Girls,07. Importation of Girls,0,0,0,0,0,0,0,0,0,0,0,0
2439,Nagaland,2010,Importation of Girls,07. Importation of Girls,0,0,0,0,0,0,0,0,0,0,0,0
2440,Odisha,2010,Importation of Girls,07. Importation of Girls,0,0,5,5,0,0,0,5,0,0,0,5
2441,Puducherry,2010,Importation of Girls,07. Importation of Girls,0,0,0,0,0,0,0,0,0,0,0,0
2442,Punjab,2010,Importation of Girls,07. Importation of Girls,0,0,0,0,0,0,0,0,0,0,0,0
2443,Rajasthan,2010,Importation of Girls,07. Importation of Girls,0,0,0,0,0,0,0,1,0,0,1,1
2444,Sikkim,2010,Importation of Girls,07. Importation of Girls,0,0,0,0,0,0,0,0,0,0,0,0
2445,Tamil Nadu,2010,Importation of Girls,07. Importation of Girls,0,0,0,0,0,0,0,0,0,0,0,0
2446,Tripura,2010,Importation of Girls,07. Importation of Girls,0,0,0,0,0,0,0,0,0,0,0,0
2447,Uttar Pradesh,2010,Importation of Girls,07. Importation of Girls,0,0,0,0,0,0,0,0,0,0,0,0
2448,Uttarakhand,2010,Importation of Girls,07. Importation of Girls,0,0,0,0,0,0,0,0,0,0,0,0
2449,West Bengal,2010,Importation of Girls,07. Importation of Girls,19,0,11,8,0,4,7,13,0,19,24,32
2450,Andaman & Nicobar Islands,2001,Total Crime Against Women,12. Total Crimes Against Women,16,0,34,49,0,33,18,204,0,16,171,220
2451,Andhra Pradesh,2001,Total Crime Against Women,12. Total Crimes Against Women,10962,2588,22218,19991,4142,5485,6862,29935,850,15104,27636,47627
2452,Arunachal Pradesh,2001,Total Crime Against Women,12. Total Crimes Against Women,15,9,218,169,40,70,70,854,49,55,749,918
2453,Assam,2001,Total Crime Against Women,12. Total Crimes Against Women,1859,234,5497,3120,410,3930,4700,10002,1607,2269,9385,12505
2454,Bihar,2001,Total Crime Against Women,12. Total Crimes Against Women,5052,611,13034,10975,1495,5878,6319,39450,1618,6547,35633,46608
2455,Chandigarh,2001,Total Crime Against Women,12. Total Crimes Against Women,99,0,174,199,42,78,24,679,29,141,621,820
2456,Chhattisgarh,2001,Total Crime Against Women,12. Total Crimes Against Women,1613,669,5312,5426,1108,199,81,21449,4,2721,19413,24839
2457,Dadra & Nagar Haveli,2001,Total Crime Against Women,12. Total Crimes Against Women,15,0,24,25,2,6,5,105,0,17,97,122
2458,Daman & Diu,2001,Total Crime Against Women,12. Total Crimes Against Women,15,0,42,46,0,7,1,55,2,15,24,70
2459,Delhi,2001,Total Crime Against Women,12. Total Crimes Against Women,774,0,3124,2906,883,915,997,13190,136,1657,11941,14847
2460,Goa,2001,Total Crime Against Women,12. Total Crimes Against Women,166,10,186,191,151,39,30,379,4,317,515,706
2461,Gujarat,2001,Total Crime Against Women,12. Total Crimes Against Women,6062,842,13464,13740,256,912,615,68189,21,6318,61609,75349
2462,Haryana,2001,Total Crime Against Women,12. Total Crimes Against Women,4345,11,5845,5844,1209,354,346,17320,9,5554,17041,22885
2463,Himachal Pradesh,2001,Total Crime Against Women,12. Total Crimes Against Women,688,325,1372,1343,87,175,167,4814,37,775,4571,5914
2464,Jammu & Kashmir,2001,Total Crime Against Women,12. Total Crimes Against Women,1470,224,2424,2390,104,46,8,11379,72,1574,10787,13177
2465,Jharkhand,2001,Total Crime Against Women,12. Total Crimes Against Women,1928,193,3750,3718,805,1994,1655,9595,371,2733,8803,12521
2466,Karnataka,2001,Total Crime Against Women,12. Total Crimes Against Women,6251,932,9819,9527,2298,1313,1157,19754,448,8549,19708,29235
2467,Kerala,2001,Total Crime Against Women,12. Total Crimes Against Women,3661,764,8076,7903,339,1847,1920,24633,100,4000,21494,29397
2468,Lakshadweep,2001,Total Crime Against Women,12. Total Crimes Against Women,0,0,0,1,0,1,0,1,0,0,0,1
2469,Madhya Pradesh,2001,Total Crime Against Women,12. Total Crimes Against Women,9732,4620,22308,22125,4701,401,503,68977,81,14433,65905,88030
2470,Maharashtra,2001,Total Crime Against Women,12. Total Crimes Against Women,20149,3791,30600,30898,1445,4322,3920,186178,104,21594,180665,211563
2471,Manipur,2001,Total Crime Against Women,12. Total Crimes Against Women,3,0,102,17,1,65,40,157,110,4,144,161
2472,Meghalaya,2001,Total Crime Against Women,12. Total Crimes Against Women,26,0,54,52,2,103,92,499,13,28,475,527
2473,Mizoram,2001,Total Crime Against Women,12. Total Crimes Against Women,30,4,138,149,119,74,62,163,1,149,167,316
2474,Nagaland,2001,Total Crime Against Women,12. Total Crimes Against Women,0,4,38,16,7,37,57,102,2,7,97,113
2475,Odisha,2001,Total Crime Against Women,12. Total Crimes Against Women,4707,12,7455,7307,784,279,376,24841,51,5491,23037,30344
2476,Puducherry,2001,Total Crime Against Women,12. Total Crimes Against Women,46,38,223,218,144,8,13,177,0,190,187,405
2477,Punjab,2001,Total Crime Against Women,12. Total Crimes Against Women,1497,119,4664,3263,697,2647,3648,6383,400,2194,5433,8696
2478,Rajasthan,2001,Total Crime Against Women,12. Total Crimes Against Women,7006,1766,13831,13835,4116,117,109,57464,4,11122,56517,70352
2479,Sikkim,2001,Total Crime Against Women,12. Total Crimes Against Women,7,1,24,12,7,8,9,4,11,14,7,19
2480,Tamil Nadu,2001,Total Crime Against Women,12. Total Crimes Against Women,3429,214,14116,13403,8197,1990,2038,15392,665,11626,13829,27232
2481,Tripura,2001,Total Crime Against Women,12. Total Crimes Against Women,225,0,590,398,64,184,209,614,167,289,505,903
2482,Uttar Pradesh,2001,Total Crime Against Women,12. Total Crimes Against Women,11266,3149,42283,38315,14657,4109,5254,110246,2823,25923,101003,139318
2483,Uttarakhand,2001,Total Crime Against Women,12. Total Crimes Against Women,439,116,1436,1324,614,202,203,3139,111,1053,2984,4308
2484,West Bengal,2001,Total Crime Against Women,12. Total Crimes Against Women,5675,13,11114,9618,544,7624,6875,50032,2245,6219,46646,56264
2485,Andaman & Nicobar Islands,2002,Total Crime Against Women,12. Total Crimes Against Women,18,0,30,43,4,18,4,225,1,22,204,247
2486,Andhra Pradesh,2002,Total Crime Against Women,12. Total Crimes Against Women,10203,2631,26627,23663,6772,6862,8657,33992,1169,16975,29935,53598
2487,Arunachal Pradesh,2002,Total Crime Against Women,12. Total Crimes Against Women,9,8,207,142,14,70,92,965,43,23,854,996
2488,Assam,2002,Total Crime Against Women,12. Total Crimes Against Women,2200,269,6764,4205,396,4700,5777,11342,1482,2596,10002,14207
2489,Bihar,2002,Total Crime Against Women,12. Total Crimes Against Women,4720,347,13009,11960,1263,6328,4700,45074,2677,5983,39444,51404
2490,Chandigarh,2002,Total Crime Against Women,12. Total Crimes Against Women,89,0,196,153,37,24,28,706,39,126,679,832
2491,Chhattisgarh,2002,Total Crime Against Women,12. Total Crimes Against Women,4055,881,5107,5031,2356,85,154,18179,7,6411,20440,25471
2492,Dadra & Nagar Haveli,2002,Total Crime Against Women,12. Total Crimes Against Women,36,0,19,25,2,8,2,92,0,38,105,130
2493,Daman & Diu,2002,Total Crime Against Women,12. Total Crimes Against Women,30,0,14,12,0,1,3,37,0,30,55,67
2494,Delhi,2002,Total Crime Against Women,12. Total Crimes Against Women,1231,0,3080,2745,437,997,1256,14267,76,1668,13190,15935
2495,Goa,2002,Total Crime Against Women,12. Total Crimes Against Women,57,10,135,129,98,30,32,343,4,155,379,508
2496,Gujarat,2002,Total Crime Against Women,12. Total Crimes Against Women,5801,1106,12563,12519,286,615,643,73515,16,6087,68189,80708
2497,Haryana,2002,Total Crime Against Women,12. Total Crimes Against Women,4863,79,7031,7126,2023,346,245,17481,6,6886,17320,24446
2498,Himachal Pradesh,2002,Total Crime Against Women,12. Total Crimes Against Women,706,186,1245,1182,79,167,196,5025,34,785,4814,5996
2499,Jammu & Kashmir,2002,Total Crime Against Women,12. Total Crimes Against Women,1893,184,2764,2716,213,8,44,11805,12,2106,11379,14095
2500,Jharkhand,2002,Total Crime Against Women,12. Total Crimes Against Women,3340,218,3765,3896,679,2122,1611,8601,380,4019,8942,12838
2501,Karnataka,2002,Total Crime Against Women,12. Total Crimes Against Women,5950,981,10047,9476,2202,1157,1364,20097,364,8152,19754,29230
2502,Kerala,2002,Total Crime Against Women,12. Total Crimes Against Women,3856,727,8968,8884,594,1920,1891,28340,113,4450,24633,33517
2503,Lakshadweep,2002,Total Crime Against Women,12. Total Crimes Against Women,0,0,3,1,1,0,2,1,0,1,1,2
2504,Madhya Pradesh,2002,Total Crime Against Women,12. Total Crimes Against Women,10525,4598,25388,25549,4862,503,341,74541,1,15387,68977,94526
2505,Maharashtra,2002,Total Crime Against Women,12. Total Crimes Against Women,21795,2897,30106,30321,1430,3919,3616,189996,88,23225,185797,216118
2506,Manipur,2002,Total Crime Against Women,12. Total Crimes Against Women,0,0,161,39,30,40,67,166,95,30,157,196
2507,Meghalaya,2002,Total Crime Against Women,12. Total Crimes Against Women,11,1,80,58,4,92,101,541,13,15,499,557
2508,Mizoram,2002,Total Crime Against Women,12. Total Crimes Against Women,8,0,155,159,92,43,39,182,0,100,123,282
2509,Nagaland,2002,Total Crime Against Women,12. Total Crimes Against Women,0,1,49,22,16,57,61,107,23,16,102,124
2510,Odisha,2002,Total Crime Against Women,12. Total Crimes Against Women,4518,18,7413,7264,776,376,516,26793,9,5294,24841,32105
2511,Puducherry,2002,Total Crime Against Women,12. Total Crimes Against Women,45,20,246,233,105,13,26,240,0,150,177,410
2512,Punjab,2002,Total Crime Against Women,12. Total Crimes Against Women,1552,99,4724,4454,943,3648,3466,8243,452,2495,6383,10837
2513,Rajasthan,2002,Total Crime Against Women,12. Total Crimes Against Women,8803,2062,13295,13322,4873,109,77,55048,5,13676,57464,70786
2514,Sikkim,2002,Total Crime Against Women,12. Total Crimes Against Women,5,1,24,10,4,9,14,4,9,9,4,14
2515,Tamil Nadu,2002,Total Crime Against Women,12. Total Crimes Against Women,4976,103,12756,12815,8245,2038,1617,14883,362,13221,15392,28207
2516,Tripura,2002,Total Crime Against Women,12. Total Crimes Against Women,344,20,558,414,55,209,219,609,134,399,614,1028
2517,Uttar Pradesh,2002,Total Crime Against Women,12. Total Crimes Against Women,14863,3189,35542,35692,17091,5254,2669,110795,2435,31954,110246,145938
2518,Uttarakhand,2002,Total Crime Against Women,12. Total Crimes Against Women,292,48,1750,1244,483,203,247,3560,462,775,3139,4383
2519,West Bengal,2002,Total Crime Against Women,12. Total Crimes Against Women,7061,20,14160,10990,1178,6875,8693,52763,1352,8239,50032,61022
2520,Andaman & Nicobar Islands,2003,Total Crime Against Women,12. Total Crimes Against Women,13,0,36,24,3,4,12,233,4,16,225,249
2521,Andhra Pradesh,2003,Total Crime Against Women,12. Total Crimes Against Women,15118,3961,29101,28602,4819,8657,8195,38696,961,19937,33992,62594
2522,Arunachal Pradesh,2003,Total Crime Against Women,12. Total Crimes Against Women,2,0,160,87,2,92,94,1048,71,4,965,1052
2523,Assam,2003,Total Crime Against Women,12. Total Crimes Against Women,3062,589,7551,4995,521,5777,6183,12165,2150,3583,11342,16337
2524,Bihar,2003,Total Crime Against Women,12. Total Crimes Against Women,5937,811,11323,9444,1447,4700,4677,46323,1902,7384,45074,54518
2525,Chandigarh,2003,Total Crime Against Women,12. Total Crimes Against Women,94,0,206,154,24,28,54,742,26,118,706,860
2526,Chhattisgarh,2003,Total Crime Against Women,12. Total Crimes Against Women,1751,1753,4869,4866,1048,162,164,20365,1,2799,20051,24917
2527,Dadra & Nagar Haveli,2003,Total Crime Against Women,12. Total Crimes Against Women,14,0,24,18,5,2,7,96,1,19,97,115
2528,Daman & Diu,2003,Total Crime Against Women,12. Total Crimes Against Women,2,0,10,8,5,3,4,39,1,7,38,46
2529,Delhi,2003,Total Crime Against Women,12. Total Crimes Against Women,1827,0,4789,4408,657,1256,1563,16191,74,2484,14267,18675
2530,Goa,2003,Total Crime Against Women,12. Total Crimes Against Women,62,10,191,143,85,32,70,329,10,147,343,486
2531,Gujarat,2003,Total Crime Against Women,12. Total Crimes Against Women,5771,820,14060,13948,404,643,727,80468,28,6175,73515,87463
2532,Haryana,2003,Total Crime Against Women,12. Total Crimes Against Women,4237,15,6524,6553,2008,245,214,17774,2,6245,17481,24034
2533,Himachal Pradesh,2003,Total Crime Against Women,12. Total Crimes Against Women,763,286,1083,1113,101,196,131,4988,35,864,5025,6138
2534,Jammu & Kashmir,2003,Total Crime Against Women,12. Total Crimes Against Women,1314,137,3580,3606,282,44,15,13678,3,1596,11805,15411
2535,Jharkhand,2003,Total Crime Against Women,12. Total Crimes Against Women,2105,214,3931,3515,725,1611,1760,9072,267,2830,8601,12116
2536,Karnataka,2003,Total Crime Against Women,12. Total Crimes Against Women,5808,645,10376,9632,2308,1364,1207,20968,901,8116,20097,29729
2537,Kerala,2003,Total Crime Against Women,12. Total Crimes Against Women,4131,1143,8726,8170,578,1891,2150,30658,297,4709,28340,36510
2538,Lakshadweep,2003,Total Crime Against Women,12. Total Crimes Against Women,0,0,3,2,1,2,3,2,0,1,1,3
2539,Madhya Pradesh,2003,Total Crime Against Women,12. Total Crimes Against Women,11152,4704,24089,24024,5562,258,321,81366,2,16714,78760,102784
2540,Maharashtra,2003,Total Crime Against Women,12. Total Crimes Against Women,20729,2383,29336,28619,1238,3616,4253,194265,80,21967,189996,218615
2541,Manipur,2003,Total Crime Against Women,12. Total Crimes Against Women,3,0,150,7,3,67,114,167,96,6,166,173
2542,Meghalaya,2003,Total Crime Against Women,12. Total Crimes Against Women,10,0,82,23,3,101,150,551,10,13,541,564
2543,Mizoram,2003,Total Crime Against Women,12. Total Crimes Against Women,18,0,173,144,200,37,66,106,0,218,180,324
2544,Nagaland,2003,Total Crime Against Women,12. Total Crimes Against Women,1,2,30,22,16,61,62,110,7,17,107,129
2545,Odisha,2003,Total Crime Against Women,12. Total Crimes Against Women,4994,19,7805,7846,907,516,469,28719,6,5901,26793,34639
2546,Puducherry,2003,Total Crime Against Women,12. Total Crimes Against Women,45,39,221,219,90,26,28,285,0,135,240,459
2547,Punjab,2003,Total Crime Against Women,12. Total Crimes Against Women,1690,168,4192,3637,1126,3466,3491,8896,530,2816,8243,11880
2548,Rajasthan,2003,Total Crime Against Women,12. Total Crimes Against Women,6577,2074,12692,12669,3526,77,96,55540,4,10103,55048,67717
2549,Sikkim,2003,Total Crime Against Women,12. Total Crimes Against Women,3,2,36,24,3,14,19,20,7,6,4,28
2550,Tamil Nadu,2003,Total Crime Against Women,12. Total Crimes Against Women,4329,163,11721,11062,5378,1693,2171,16161,181,9707,14969,26031
2551,Tripura,2003,Total Crime Against Women,12. Total Crimes Against Women,272,0,878,568,70,219,337,835,192,342,609,1177
2552,Uttar Pradesh,2003,Total Crime Against Women,12. Total Crimes Against Women,10558,2544,23433,23406,13286,2669,2338,107813,358,23844,110795,134201
2553,Uttarakhand,2003,Total Crime Against Women,12. Total Crimes Against Women,286,89,1827,1594,577,247,259,4202,221,863,3560,5154
2554,West Bengal,2003,Total Crime Against Women,12. Total Crimes Against Women,7729,34,15992,14006,882,8693,8883,58124,1796,8611,52763,66769
2555,Andaman & Nicobar Islands,2004,Total Crime Against Women,12. Total Crimes Against Women,14,0,44,38,12,12,18,246,0,26,234,272
2556,Andhra Pradesh,2004,Total Crime Against Women,12. Total Crimes Against Women,13222,4776,28976,27139,5761,8195,8899,42076,1133,18983,38696,65835
2557,Arunachal Pradesh,2004,Total Crime Against Women,12. Total Crimes Against Women,6,6,162,118,17,94,85,1137,53,23,1048,1166
2558,Assam,2004,Total Crime Against Women,12. Total Crimes Against Women,3942,528,8117,5578,692,6183,6422,12581,2300,4634,12165,17743
2559,Bihar,2004,Total Crime Against Women,12. Total Crimes Against Women,6051,245,12334,8997,930,4677,5725,48094,2289,6981,46323,55320
2560,Chandigarh,2004,Total Crime Against Women,12. Total Crimes Against Women,85,0,331,261,79,54,66,839,58,164,742,1003
2561,Chhattisgarh,2004,Total Crime Against Women,12. Total Crimes Against Women,3221,2744,6051,6130,1612,164,40,18918,45,4833,20365,26495
2562,Dadra & Nagar Haveli,2004,Total Crime Against Women,12. Total Crimes Against Women,28,0,32,29,0,7,10,97,0,28,96,125
2563,Daman & Diu,2004,Total Crime Against Women,12. Total Crimes Against Women,12,0,15,17,0,4,2,43,0,12,38,55
2564,Delhi,2004,Total Crime Against Women,12. Total Crimes Against Women,1391,0,5196,4688,799,1563,2005,18689,66,2190,16191,20879
2565,Goa,2004,Total Crime Against Women,12. Total Crimes Against Women,70,18,227,189,56,70,94,374,14,126,329,518
2566,Gujarat,2004,Total Crime Against Women,12. Total Crimes Against Women,6036,964,15549,15543,297,727,713,88714,20,6333,80468,96011
2567,Haryana,2004,Total Crime Against Women,12. Total Crimes Against Women,5034,9,6610,6404,1965,214,414,17170,6,6999,17774,24178
2568,Himachal Pradesh,2004,Total Crime Against Women,12. Total Crimes Against Women,714,268,1203,1103,87,131,188,5022,43,801,4988,6091
2569,Jammu & Kashmir,2004,Total Crime Against Women,12. Total Crimes Against Women,2105,124,3345,3313,188,15,25,14574,22,2293,13678,16991
2570,Jharkhand,2004,Total Crime Against Women,12. Total Crimes Against Women,2063,214,3931,3514,725,1760,1910,9584,267,2788,9072,12586
2571,Karnataka,2004,Total Crime Against Women,12. Total Crimes Against Women,5256,690,9154,9272,2440,1207,822,21854,267,7696,20968,30240
2572,Kerala,2004,Total Crime Against Women,12. Total Crimes Against Women,5650,1255,9849,9572,737,2150,2204,32588,223,6387,30658,40230
2573,Lakshadweep,2004,Total Crime Against Women,12. Total Crimes Against Women,0,0,1,2,2,3,2,2,0,2,2,4
2574,Madhya Pradesh,2004,Total Crime Against Women,12. Total Crimes Against Women,10778,5383,27027,27087,5412,321,255,86880,6,16190,81366,108453
2575,Maharashtra,2004,Total Crime Against Women,12. Total Crimes Against Women,18609,2963,30432,30240,1177,4253,4320,201756,125,19786,194265,224505
2576,Manipur,2004,Total Crime Against Women,12. Total Crimes Against Women,8,1,132,6,0,114,124,164,116,8,167,173
2577,Meghalaya,2004,Total Crime Against Women,12. Total Crimes Against Women,11,2,96,50,4,150,180,584,16,15,551,601
2578,Mizoram,2004,Total Crime Against Women,12. Total Crimes Against Women,3,1,79,58,8,66,80,152,7,11,106,164
2579,Nagaland,2004,Total Crime Against Women,12. Total Crimes Against Women,13,0,36,75,97,62,23,75,0,110,110,185
2580,Odisha,2004,Total Crime Against Women,12. Total Crimes Against Women,4861,49,7884,7691,859,469,662,30641,0,5720,28719,36410
2581,Puducherry,2004,Total Crime Against Women,12. Total Crimes Against Women,82,46,173,164,43,28,37,278,0,125,285,449
2582,Punjab,2004,Total Crime Against Women,12. Total Crimes Against Women,1818,153,3642,4031,1031,3491,2577,9925,525,2849,8896,12927
2583,Rajasthan,2004,Total Crime Against Women,12. Total Crimes Against Women,6555,1670,14640,14639,4613,96,96,57341,1,11168,55540,70179
2584,Sikkim,2004,Total Crime Against Women,12. Total Crimes Against Women,6,8,69,40,2,19,38,44,10,8,20,60
2585,Tamil Nadu,2004,Total Crime Against Women,12. Total Crimes Against Women,5041,174,12750,12465,6032,2171,2268,17379,188,11073,16161,28626
2586,Tripura,2004,Total Crime Against Women,12. Total Crimes Against Women,328,76,983,890,136,337,197,1185,233,464,835,1725
2587,Uttar Pradesh,2004,Total Crime Against Women,12. Total Crimes Against Women,10501,3621,32979,29866,13938,2338,3709,109619,1742,24439,107813,137679
2588,Uttarakhand,2004,Total Crime Against Women,12. Total Crimes Against Women,329,69,2660,2116,689,259,420,5231,383,1018,4202,6318
2589,West Bengal,2004,Total Crime Against Women,12. Total Crimes Against Women,6421,32,16613,14345,729,8883,9661,65287,1490,7150,58124,72469
2590,Andaman & Nicobar Islands,2005,Total Crime Against Women,12. Total Crimes Against Women,12,0,32,23,2,18,27,255,0,14,246,269
2591,Andhra Pradesh,2005,Total Crime Against Women,12. Total Crimes Against Women,14596,4976,31136,30369,7543,8899,8820,45330,846,22139,42076,72445
2592,Arunachal Pradesh,2005,Total Crime Against Women,12. Total Crimes Against Women,30,14,129,105,45,85,59,1153,50,75,1137,1242
2593,Assam,2005,Total Crime Against Women,12. Total Crimes Against Women,3663,506,8760,5934,762,6422,6754,13584,2494,4425,12581,18515
2594,Bihar,2005,Total Crime Against Women,12. Total Crimes Against Women,6178,183,11220,9280,1035,5725,6433,49978,1232,7213,48094,57374
2595,Chandigarh,2005,Total Crime Against Women,12. Total Crimes Against Women,80,0,306,247,17,66,98,989,27,97,839,1086
2596,Chhattisgarh,2005,Total Crime Against Women,12. Total Crimes Against Women,2789,1485,5491,5435,1683,40,88,18396,8,4472,18918,24353
2597,Dadra & Nagar Haveli,2005,Total Crime Against Women,12. Total Crimes Against Women,37,0,35,33,0,10,12,93,0,37,97,130
2598,Daman & Diu,2005,Total Crime Against Women,12. Total Crimes Against Women,7,0,17,18,0,2,1,54,0,7,43,61
2599,Delhi,2005,Total Crime Against Women,12. Total Crimes Against Women,2631,0,5853,5238,798,2005,2439,20498,181,3429,18689,23927
2600,Goa,2005,Total Crime Against Women,12. Total Crimes Against Women,48,13,229,196,105,94,108,404,19,153,374,570
2601,Gujarat,2005,Total Crime Against Women,12. Total Crimes Against Women,6275,820,16510,16314,555,713,906,97378,3,6830,88714,105028
2602,Haryana,2005,Total Crime Against Women,12. Total Crimes Against Women,3800,54,6275,6264,1159,414,421,18421,4,4959,17170,23434
2603,Himachal Pradesh,2005,Total Crime Against Women,12. Total Crimes Against Women,1087,233,1267,1242,102,188,194,4842,19,1189,5022,6264
2604,Jammu & Kashmir,2005,Total Crime Against Women,12. Total Crimes Against Women,1981,200,3163,3039,136,25,23,15296,126,2117,14574,17613
2605,Jharkhand,2005,Total Crime Against Women,12. Total Crimes Against Women,4474,586,3432,2367,721,1910,2312,6170,663,5195,9584,11951
2606,Karnataka,2005,Total Crime Against Women,12. Total Crimes Against Women,6965,644,10590,10335,2375,822,820,22205,257,9340,21854,32189
2607,Kerala,2005,Total Crime Against Women,12. Total Crimes Against Women,5897,700,10669,10155,929,2204,2526,35217,192,6826,32588,42743
2608,Lakshadweep,2005,Total Crime Against Women,12. Total Crimes Against Women,0,0,0,0,0,1,1,2,0,0,2,2
2609,Madhya Pradesh,2005,Total Crime Against Women,12. Total Crimes Against Women,12773,5518,24254,24298,5836,255,205,87051,6,18609,86880,111178
2610,Maharashtra,2005,Total Crime Against Women,12. Total Crimes Against Women,19642,2644,34156,33326,944,4320,5085,211852,65,20586,201756,235082
2611,Manipur,2005,Total Crime Against Women,12. Total Crimes Against Women,4,0,127,11,0,124,107,171,133,4,164,175
2612,Meghalaya,2005,Total Crime Against Women,12. Total Crimes Against Women,33,0,106,53,4,180,213,600,20,37,584,637
2613,Mizoram,2005,Total Crime Against Women,12. Total Crimes Against Women,4,0,85,70,169,80,95,49,0,173,152,222
2614,Nagaland,2005,Total Crime Against Women,12. Total Crimes Against Women,8,0,37,40,49,23,15,58,5,57,75,115
2615,Odisha,2005,Total Crime Against Women,12. Total Crimes Against Women,4765,1,9524,9368,693,662,791,34550,27,5458,30641,40009
2616,Puducherry,2005,Total Crime Against Women,12. Total Crimes Against Women,45,40,191,177,54,37,51,315,0,99,277,454
2617,Punjab,2005,Total Crime Against Women,12. Total Crimes Against Women,1498,157,3303,3027,498,2577,2571,10799,282,1996,9925,12952
2618,Rajasthan,2005,Total Crime Against Women,12. Total Crimes Against Women,5492,2200,12838,12856,4042,96,74,58463,4,9534,57341,70197
2619,Sikkim,2005,Total Crime Against Women,12. Total Crimes Against Women,10,10,42,25,5,38,21,44,34,15,44,69
2620,Tamil Nadu,2005,Total Crime Against Women,12. Total Crimes Against Women,5727,39,12275,12471,6152,2268,1797,17888,275,11879,17335,29806
2621,Tripura,2005,Total Crime Against Women,12. Total Crimes Against Women,815,8,1308,1090,192,197,358,1260,57,1007,1185,2275
2622,Uttar Pradesh,2005,Total Crime Against Women,12. Total Crimes Against Women,10973,3024,32720,31006,14537,3709,4103,112091,1320,25510,109619,140625
2623,Uttarakhand,2005,Total Crime Against Women,12. Total Crimes Against Women,359,68,1648,1465,382,420,374,5887,229,741,5231,6696
2624,West Bengal,2005,Total Crime Against Women,12. Total Crimes Against Women,7734,60,19227,17324,1261,9661,9949,73556,1615,8995,65287,82611
2625,Andaman & Nicobar Islands,2006,Total Crime Against Women,12. Total Crimes Against Women,7,0,49,63,1,27,13,310,0,8,255,318
2626,Andhra Pradesh,2006,Total Crime Against Women,12. Total Crimes Against Women,17063,6559,30660,27617,5892,8820,10782,43433,1081,22955,45330,72947
2627,Arunachal Pradesh,2006,Total Crime Against Women,12. Total Crimes Against Women,26,11,141,114,22,59,61,1208,25,48,1153,1267
2628,Assam,2006,Total Crime Against Women,12. Total Crimes Against Women,3718,488,8438,5425,955,6754,7058,13848,2709,4673,13584,19009
2629,Bihar,2006,Total Crime Against Women,12. Total Crimes Against Women,7117,591,11757,9827,1591,6433,7354,50506,1009,8708,49978,59805
2630,Chandigarh,2006,Total Crime Against Women,12. Total Crimes Against Women,118,0,352,267,33,98,103,1105,80,151,989,1256
2631,Chhattisgarh,2006,Total Crime Against Women,12. Total Crimes Against Women,2434,543,5758,5676,1491,88,170,19604,0,3925,18396,24072
2632,Dadra & Nagar Haveli,2006,Total Crime Against Women,12. Total Crimes Against Women,19,0,25,31,3,12,6,102,0,22,93,124
2633,Daman & Diu,2006,Total Crime Against Women,12. Total Crimes Against Women,15,0,28,26,3,1,3,62,0,18,54,80
2634,Delhi,2006,Total Crime Against Women,12. Total Crimes Against Women,1291,0,6207,5537,925,2439,2891,23819,218,2216,20498,26035
2635,Goa,2006,Total Crime Against Women,12. Total Crimes Against Women,42,6,159,166,65,108,73,457,28,107,404,570
2636,Gujarat,2006,Total Crime Against Women,12. Total Crimes Against Women,6524,1173,18188,17566,543,906,1524,106704,4,7067,97378,114944
2637,Haryana,2006,Total Crime Against Women,12. Total Crimes Against Women,3157,56,6857,6665,1308,421,613,20565,0,4465,18421,25086
2638,Himachal Pradesh,2006,Total Crime Against Women,12. Total Crimes Against Women,624,248,1151,1153,97,194,165,5026,27,721,4842,5995
2639,Jammu & Kashmir,2006,Total Crime Against Women,12. Total Crimes Against Women,1867,274,3896,3887,268,23,13,16774,19,2135,15296,19183
2640,Jharkhand,2006,Total Crime Against Women,12. Total Crimes Against Women,1990,506,4117,3733,526,2312,2576,6881,120,2516,6170,9903
2641,Karnataka,2006,Total Crime Against Women,12. Total Crimes Against Women,7426,707,11035,10494,1509,820,1139,23057,222,8935,22205,32699
2642,Kerala,2006,Total Crime Against Women,12. Total Crimes Against Women,7950,549,11406,10926,1159,2526,2958,36485,48,9109,35217,46143
2643,Lakshadweep,2006,Total Crime Against Women,12. Total Crimes Against Women,0,0,1,0,0,0,1,2,0,0,2,2
2644,Madhya Pradesh,2006,Total Crime Against Women,12. Total Crimes Against Women,10005,4734,23753,23696,6061,205,259,89947,3,16066,87051,110747
2645,Maharashtra,2006,Total Crime Against Women,12. Total Crimes Against Women,17028,2007,36197,34067,1064,5085,7103,225820,112,18092,211852,245919
2646,Manipur,2006,Total Crime Against Women,12. Total Crimes Against Women,2,0,104,3,2,107,154,170,54,4,171,174
2647,Meghalaya,2006,Total Crime Against Women,12. Total Crimes Against Women,32,2,158,101,10,212,245,657,24,42,600,701
2648,Mizoram,2006,Total Crime Against Women,12. Total Crimes Against Women,15,0,138,139,128,95,94,45,0,143,49,188
2649,Nagaland,2006,Total Crime Against Women,12. Total Crimes Against Women,7,1,64,52,38,15,22,64,5,45,58,110
2650,Odisha,2006,Total Crime Against Women,12. Total Crimes Against Women,4660,0,10408,10179,957,791,1008,39112,12,5617,34550,44729
2651,Puducherry,2006,Total Crime Against Women,12. Total Crimes Against Women,39,14,260,250,77,51,61,435,0,116,315,565
2652,Punjab,2006,Total Crime Against Women,12. Total Crimes Against Women,1748,35,3882,3094,697,2571,3106,11413,253,2445,10799,13893
2653,Rajasthan,2006,Total Crime Against Women,12. Total Crimes Against Women,6405,2500,14546,14565,4987,74,53,59136,2,11392,58463,73028
2654,Sikkim,2006,Total Crime Against Women,12. Total Crimes Against Women,4,8,39,34,3,21,12,63,14,7,44,78
2655,Tamil Nadu,2006,Total Crime Against Women,12. Total Crimes Against Women,5679,29,9483,8987,4991,1797,2032,16176,261,10670,17888,26875
2656,Tripura,2006,Total Crime Against Women,12. Total Crimes Against Women,660,7,1272,892,159,358,275,1326,463,819,1260,2152
2657,Uttar Pradesh,2006,Total Crime Against Women,12. Total Crimes Against Women,11354,2499,34720,32599,15710,4103,3979,115127,2245,27064,112091,144690
2658,Uttarakhand,2006,Total Crime Against Women,12. Total Crimes Against Women,543,406,2176,1895,523,374,437,6310,218,1066,5887,7782
2659,West Bengal,2006,Total Crime Against Women,12. Total Crimes Against Women,8721,164,22398,18226,2077,9949,12225,80820,1896,10798,73556,91782
2660,Andaman & Nicobar Islands,2007,Total Crime Against Women,12. Total Crimes Against Women,21,0,80,50,6,13,43,333,0,27,310,360
2661,Andhra Pradesh,2007,Total Crime Against Women,12. Total Crimes Against Women,17713,5305,35121,34088,6093,10782,10937,48410,878,23806,43433,77521
2662,Arunachal Pradesh,2007,Total Crime Against Women,12. Total Crimes Against Women,20,3,203,155,20,61,50,1320,59,40,1208,1363
2663,Assam,2007,Total Crime Against Women,12. Total Crimes Against Women,4312,416,8797,5755,851,7058,7587,14024,2513,5163,13848,19603
2664,Bihar,2007,Total Crime Against Women,12. Total Crimes Against Women,7955,652,14955,11842,1425,7354,9559,52316,908,9380,50506,62348
2665,Chandigarh,2007,Total Crime Against Women,12. Total Crimes Against Women,126,0,290,232,40,103,125,1171,36,166,1105,1337
2666,Chhattisgarh,2007,Total Crime Against Women,12. Total Crimes Against Women,2183,937,5855,5764,1038,170,258,21210,3,3221,19604,25368
2667,Dadra & Nagar Haveli,2007,Total Crime Against Women,12. Total Crimes Against Women,14,0,21,17,1,6,10,104,0,15,102,119
2668,Daman & Diu,2007,Total Crime Against Women,12. Total Crimes Against Women,8,0,57,30,1,3,28,83,2,9,62,92
2669,Delhi,2007,Total Crime Against Women,12. Total Crimes Against Women,1368,0,5648,4739,1022,2891,3632,26168,168,2390,23819,28558
2670,Goa,2007,Total Crime Against Women,12. Total Crimes Against Women,58,13,145,88,14,73,121,460,9,72,457,545
2671,Gujarat,2007,Total Crime Against Women,12. Total Crimes Against Women,7335,1031,21665,21625,581,1524,1558,119382,6,7916,106704,128329
2672,Haryana,2007,Total Crime Against Women,12. Total Crimes Against Women,3760,83,7071,6876,1111,613,808,22487,0,4871,20565,27441
2673,Himachal Pradesh,2007,Total Crime Against Women,12. Total Crimes Against Women,705,282,1476,1302,76,165,323,5265,16,781,5026,6328
2674,Jammu & Kashmir,2007,Total Crime Against Women,12. Total Crimes Against Women,1894,216,4411,4398,183,13,12,18879,14,2077,16774,21172
2675,Jharkhand,2007,Total Crime Against Women,12. Total Crimes Against Women,3095,132,4528,4047,854,2576,2778,6847,279,3949,6881,10928
2676,Karnataka,2007,Total Crime Against Women,12. Total Crimes Against Women,7084,609,11302,11049,1412,1139,1154,25001,238,8496,23057,34106
2677,Kerala,2007,Total Crime Against Women,12. Total Crimes Against Women,8297,752,11210,11440,805,2958,2718,38071,10,9102,36485,47925
2678,Lakshadweep,2007,Total Crime Against Women,12. Total Crimes Against Women,0,0,2,2,0,1,1,4,0,0,2,4
2679,Madhya Pradesh,2007,Total Crime Against Women,12. Total Crimes Against Women,11806,5799,25990,25989,6932,259,260,91399,0,18738,89947,115936
2680,Maharashtra,2007,Total Crime Against Women,12. Total Crimes Against Women,17920,2044,36040,34625,1073,7103,8398,239408,120,18993,225820,260445
2681,Manipur,2007,Total Crime Against Women,12. Total Crimes Against Women,10,1,133,3,1,154,151,161,133,11,170,173
2682,Meghalaya,2007,Total Crime Against Women,12. Total Crimes Against Women,22,2,130,71,30,245,268,674,36,52,657,728
2683,Mizoram,2007,Total Crime Against Women,12. Total Crimes Against Women,7,0,152,163,95,94,83,106,0,102,45,208
2684,Nagaland,2007,Total Crime Against Women,12. Total Crimes Against Women,2,6,58,40,49,22,21,47,19,51,64,104
2685,Odisha,2007,Total Crime Against Women,12. Total Crimes Against Women,5023,0,10424,9902,1391,1008,1501,42600,29,6414,39112,49014
2686,Puducherry,2007,Total Crime Against Women,12. Total Crimes Against Women,96,29,337,351,69,61,44,592,3,165,435,786
2687,Punjab,2007,Total Crime Against Women,12. Total Crimes Against Women,2109,31,4211,3358,708,3106,3593,11923,366,2817,11413,14771
2688,Rajasthan,2007,Total Crime Against Women,12. Total Crimes Against Women,5280,2079,14548,14528,4138,53,73,62167,0,9418,59136,73664
2689,Sikkim,2007,Total Crime Against Women,12. Total Crimes Against Women,9,3,63,44,2,12,20,93,11,11,63,107
2690,Tamil Nadu,2007,Total Crime Against Women,12. Total Crimes Against Women,5487,28,11601,10449,3338,2032,2886,17772,298,8825,16176,26625
2691,Tripura,2007,Total Crime Against Women,12. Total Crimes Against Women,866,79,1107,1175,222,275,142,1334,65,1088,1326,2501
2692,Uttar Pradesh,2007,Total Crime Against Women,12. Total Crimes Against Women,15579,2603,48291,39978,17392,3979,5081,119531,7211,32971,115127,155105
2693,Uttarakhand,2007,Total Crime Against Women,12. Total Crimes Against Women,518,488,2711,2059,804,437,620,6559,469,1322,6310,8369
2694,West Bengal,2007,Total Crime Against Women,12. Total Crimes Against Women,10742,382,22175,22423,667,12225,10996,91452,981,11409,80820,103243
2695,Andaman & Nicobar Islands,2009,Total Crime Against Women,12. Total Crimes Against Women,19,0,126,108,2,40,58,494,0,21,407,515
2696,Andhra Pradesh,2009,Total Crime Against Women,12. Total Crimes Against Women,19995,8541,36465,34101,4118,10305,11613,56249,1056,24113,54802,88903
2697,Arunachal Pradesh,2009,Total Crime Against Women,12. Total Crimes Against Women,23,4,182,158,25,51,52,1514,23,48,1408,1566
2698,Assam,2009,Total Crime Against Women,12. Total Crimes Against Women,3194,344,11810,6435,892,7933,9270,16411,4038,4086,14406,20841
2699,Bihar,2009,Total Crime Against Women,12. Total Crimes Against Women,8432,863,14457,12000,1822,11129,13270,55299,316,10254,54416,66416
2700,Chandigarh,2009,Total Crime Against Women,12. Total Crimes Against Women,137,0,158,148,69,164,135,1076,39,206,1134,1282
2701,Chhattisgarh,2009,Total Crime Against Women,12. Total Crimes Against Women,2703,540,6337,6259,866,349,406,25208,21,3569,23058,29317
2702,Dadra & Nagar Haveli,2009,Total Crime Against Women,12. Total Crimes Against Women,8,0,20,34,4,20,6,163,0,12,141,175
2703,Daman & Diu,2009,Total Crime Against Women,12. Total Crimes Against Women,20,0,38,17,0,10,31,132,0,20,135,152
2704,Delhi,2009,Total Crime Against Women,12. Total Crimes Against Women,1302,0,2753,3339,800,1893,1218,28783,89,2102,27546,30885
2705,Goa,2009,Total Crime Against Women,12. Total Crimes Against Women,96,0,235,158,27,142,190,502,29,123,467,625
2706,Gujarat,2009,Total Crime Against Women,12. Total Crimes Against Women,10373,1074,21170,21336,825,1487,1320,139149,1,11198,130085,151421
2707,Haryana,2009,Total Crime Against Women,12. Total Crimes Against Women,4530,88,7350,7371,1403,831,806,25387,4,5933,24037,31408
2708,Himachal Pradesh,2009,Total Crime Against Women,12. Total Crimes Against Women,750,222,1428,1527,122,340,226,6167,15,872,5734,7261
2709,Jammu & Kashmir,2009,Total Crime Against Women,12. Total Crimes Against Women,1946,414,4095,4086,362,12,21,21425,0,2308,20061,24147
2710,Jharkhand,2009,Total Crime Against Women,12. Total Crimes Against Women,2486,186,4309,4205,1645,3068,3111,7700,61,4131,7812,12017
2711,Karnataka,2009,Total Crime Against Women,12. Total Crimes Against Women,8937,1091,13941,13432,833,1781,1950,30150,340,9770,27579,41011
2712,Kerala,2009,Total Crime Against Women,12. Total Crimes Against Women,7288,800,11132,11694,1068,2649,2080,43093,7,8356,40555,52249
2713,Lakshadweep,2009,Total Crime Against Women,12. Total Crimes Against Women,2,0,2,3,0,2,1,5,0,2,4,7
2714,Madhya Pradesh,2009,Total Crime Against Women,12. Total Crimes Against Women,12695,6137,28262,28193,6430,323,387,91596,5,19125,88665,116858
2715,Maharashtra,2009,Total Crime Against Women,12. Total Crimes Against Women,20536,2532,41095,39858,1116,9633,10754,266808,116,21652,251134,290992
2716,Manipur,2009,Total Crime Against Women,12. Total Crimes Against Women,0,0,183,10,0,114,184,176,103,0,166,176
2717,Meghalaya,2009,Total Crime Against Women,12. Total Crimes Against Women,46,1,178,190,12,317,281,824,24,58,693,883
2718,Mizoram,2009,Total Crime Against Women,12. Total Crimes Against Women,29,0,165,235,123,101,31,196,0,152,113,348
2719,Nagaland,2009,Total Crime Against Women,12. Total Crimes Against Women,2,0,72,62,54,23,14,61,19,56,55,117
2720,Odisha,2009,Total Crime Against Women,12. Total Crimes Against Women,6004,0,11346,11142,742,1651,1855,50195,0,6746,45799,56941
2721,Puducherry,2009,Total Crime Against Women,12. Total Crimes Against Women,129,20,152,176,47,41,16,679,1,176,699,875
2722,Punjab,2009,Total Crime Against Women,12. Total Crimes Against Women,2118,13,4100,3428,1034,3556,3899,13392,329,3152,13129,16557
2723,Rajasthan,2009,Total Crime Against Women,12. Total Crimes Against Women,5008,1985,15455,15460,4006,90,85,69425,0,9014,64964,80424
2724,Sikkim,2009,Total Crime Against Women,12. Total Crimes Against Women,27,36,76,66,25,18,24,96,4,52,118,184
2725,Tamil Nadu,2009,Total Crime Against Women,12. Total Crimes Against Women,5508,5,9450,9499,2977,3678,3407,20814,222,8485,19805,29304
2726,Tripura,2009,Total Crime Against Women,12. Total Crimes Against Women,1114,460,2727,1910,121,84,408,2193,493,1235,1978,3888
2727,Uttar Pradesh,2009,Total Crime Against Women,12. Total Crimes Against Women,18524,3404,63332,47745,23471,6117,6897,125133,14807,41995,122787,170532
2728,Uttarakhand,2009,Total Crime Against Women,12. Total Crimes Against Women,603,70,2064,1963,974,200,241,6286,60,1577,5970,7933
2729,West Bengal,2009,Total Crime Against Women,12. Total Crimes Against Women,11066,608,20671,19766,651,12419,12367,109399,957,11717,101958,121724
2730,Andaman & Nicobar Islands,2010,Total Crime Against Women,12. Total Crimes Against Women,7,0,131,112,0,58,77,599,0,7,494,606
2731,Andhra Pradesh,2010,Total Crime Against Women,12. Total Crimes Against Women,19925,8096,38570,39417,4472,11613,9913,63173,853,24397,56249,95666
2732,Arunachal Pradesh,2010,Total Crime Against Women,12. Total Crimes Against Women,12,10,197,138,12,52,81,1618,30,24,1514,1652
2733,Assam,2010,Total Crime Against Women,12. Total Crimes Against Women,3912,487,12996,7496,833,9270,10523,18675,4247,4745,16411,23907
2734,Bihar,2010,Total Crime Against Women,12. Total Crimes Against Women,7694,902,13134,12422,1554,13270,13391,57571,591,9248,55299,67721
2735,Chandigarh,2010,Total Crime Against Women,12. Total Crimes Against Women,183,0,138,124,57,135,80,960,69,240,1076,1200
2736,Chhattisgarh,2010,Total Crime Against Women,12. Total Crimes Against Women,3467,638,6577,6481,1343,406,410,26241,92,4810,25208,31689
2737,Dadra & Nagar Haveli,2010,Total Crime Against Women,12. Total Crimes Against Women,4,0,46,31,8,6,21,182,0,12,163,194
2738,Daman & Diu,2010,Total Crime Against Women,12. Total Crimes Against Women,12,1,51,42,0,31,40,164,0,12,135,177
2739,Delhi,2010,Total Crime Against Women,12. Total Crimes Against Women,1835,0,3040,2852,997,1218,1315,28803,91,2832,28783,31635
2740,Goa,2010,Total Crime Against Women,12. Total Crimes Against Women,98,0,214,217,16,190,158,605,29,114,502,719
2741,Gujarat,2010,Total Crime Against Women,12. Total Crimes Against Women,10896,510,20459,20277,974,1320,1500,147046,2,11870,139149,159426
2742,Haryana,2010,Total Crime Against Women,12. Total Crimes Against Women,5601,62,7540,7232,1712,806,1113,25244,1,7313,25387,32619
2743,Himachal Pradesh,2010,Total Crime Against Women,12. Total Crimes Against Women,698,201,1481,1464,97,226,242,6635,1,795,6167,7631
2744,Jammu & Kashmir,2010,Total Crime Against Women,12. Total Crimes Against Women,1562,454,3569,3544,215,21,46,22738,0,1777,21425,24969
2745,Jharkhand,2010,Total Crime Against Women,12. Total Crimes Against Women,3619,93,5172,6031,1156,3111,2222,8863,30,4775,7700,13731
2746,Karnataka,2010,Total Crime Against Women,12. Total Crimes Against Women,8921,1244,15179,13880,868,1950,2422,32997,827,9789,30150,44030
2747,Kerala,2010,Total Crime Against Women,12. Total Crimes Against Women,7154,484,13253,13471,886,2080,1860,48040,2,8040,43093,56564
2748,Lakshadweep,2010,Total Crime Against Women,12. Total Crimes Against Women,0,0,1,1,0,1,1,6,0,0,5,6
2749,Madhya Pradesh,2010,Total Crime Against Women,12. Total Crimes Against Women,13649,5691,27814,27837,7525,387,309,92568,55,21174,91596,119433
2750,Maharashtra,2010,Total Crime Against Women,12. Total Crimes Against Women,24476,2381,40377,39236,1073,10754,11771,278114,124,25549,266808,306044
2751,Manipur,2010,Total Crime Against Women,12. Total Crimes Against Women,8,0,141,7,1,184,229,174,89,9,176,183
2752,Meghalaya,2010,Total Crime Against Women,12. Total Crimes Against Women,30,8,228,130,8,281,349,908,30,38,824,954
2753,Mizoram,2010,Total Crime Against Women,12. Total Crimes Against Women,15,0,194,210,250,31,15,141,0,265,196,406
2754,Nagaland,2010,Total Crime Against Women,12. Total Crimes Against Women,14,2,66,54,18,14,12,81,14,32,61,115
2755,Odisha,2010,Total Crime Against Women,12. Total Crimes Against Women,8330,0,16112,16298,932,1855,1592,57231,77,9262,50195,66493
2756,Puducherry,2010,Total Crime Against Women,12. Total Crimes Against Women,103,16,205,203,48,16,15,715,3,151,679,882
2757,Punjab,2010,Total Crime Against Women,12. Total Crimes Against Women,2305,14,4646,4367,1084,3617,3519,13195,377,3389,12231,16598
2758,Rajasthan,2010,Total Crime Against Women,12. Total Crimes Against Women,4760,1841,15335,15321,3720,85,98,74425,1,8480,69425,84746
2759,Sikkim,2010,Total Crime Against Women,12. Total Crimes Against Women,11,3,68,57,5,24,23,134,12,16,96,153
2760,Tamil Nadu,2010,Total Crime Against Women,12. Total Crimes Against Women,5583,4,9649,8841,2809,3407,4038,21259,177,8392,20814,29655
2761,Tripura,2010,Total Crime Against Women,12. Total Crimes Against Women,1323,154,2127,1611,144,408,584,2183,340,1467,2193,3804
2762,Uttar Pradesh,2010,Total Crime Against Women,12. Total Crimes Against Women,20826,1469,58330,41235,27706,6897,7934,116367,16058,48532,125133,166368
2763,Uttarakhand,2010,Total Crime Against Women,12. Total Crimes Against Women,1052,78,1750,1683,1075,241,231,5764,77,2127,6286,7969
2764,West Bengal,2010,Total Crime Against Women,12. Total Crimes Against Women,11372,670,26549,28005,628,12367,9661,124734,1250,12000,109399,137404
